bResult,blueTopChamp,blueJungleChamp,blueMiddleChamp,blueADCChamp,blueSupportChamp
1,Nautilus,LeeSin,Syndra,Varus,Taric
1,Maokai,Khazix,Orianna,Varus,Karma
1,Nautilus,Khazix,Orianna,Twitch,Karma
1,Nautilus,Graves,Corki,Ashe,Zyra
1,Maokai,Graves,TwistedFate,Varus,Malzahar
1,Fiora,RekSai,Ryze,Varus,Morgana
1,Maokai,Rengar,Cassiopeia,Ezreal,Karma
1,Maokai,Elise,Corki,Ashe,MissFortune
1,Fiora,RekSai,Ryze,Ashe,Thresh
1,Nautilus,Khazix,Cassiopeia,Ashe,Karma
1,Maokai,Khazix,Syndra,Caitlyn,Morgana
1,Maokai,LeeSin,Cassiopeia,Ashe,Thresh
1,Nautilus,Olaf,Katarina,Ashe,MissFortune
1,Fiora,RekSai,Ekko,Ashe,MissFortune
1,Maokai,Khazix,Corki,Caitlyn,Malzahar
1,Nautilus,Khazix,TwistedFate,Varus,Malzahar
1,Nautilus,Khazix,Cassiopeia,Varus,Braum
1,Nautilus,Khazix,Syndra,Ashe,Malzahar
1,Maokai,Khazix,Orianna,Ezreal,Nami
1,Poppy,Rengar,Ryze,Ashe,Zyra
1,Poppy,Khazix,Ekko,Ashe,Thresh
1,Maokai,Rengar,Azir,Varus,Karma
1,Maokai,LeeSin,Ryze,Varus,Karma
1,Swain,Khazix,TwistedFate,Ashe,MissFortune
1,Shen,Rengar,Corki,Varus,MissFortune
1,Swain,Khazix,Viktor,Jhin,Camille
1,Nautilus,Khazix,Viktor,Jhin,Malzahar
1,Nautilus,Khazix,Orianna,Ashe,Zyra
1,Nautilus,Khazix,Orianna,Ashe,Zyra
1,Nautilus,Khazix,Ryze,Ashe,Morgana
1,Nautilus,Khazix,Cassiopeia,Ashe,TahmKench
1,Trundle,Khazix,Orianna,Jhin,Malzahar
1,Shen,Khazix,Katarina,Ashe,Malzahar
1,Maokai,Khazix,Corki,Varus,Nami
1,Rumble,RekSai,Corki,Varus,Zyra
1,Maokai,Khazix,AurelionSol,Sivir,Karma
1,Camille,LeeSin,Corki,Jhin,Thresh
1,Shen,Rengar,Zed,MissFortune,Morgana
1,Nautilus,Khazix,Corki,Jhin,Lulu
1,Maokai,Khazix,Ryze,Jhin,Taric
1,Shen,Khazix,Corki,Varus,Nami
1,Shen,Rengar,Ekko,Ashe,Karma
1,Maokai,Khazix,Syndra,Jhin,MissFortune
1,Shen,Evelynn,Zed,Jhin,Karma
1,Rumble,Khazix,Syndra,Jhin,Malzahar
1,Jayce,Ivern,Taliyah,Jhin,Karma
1,Rumble,Graves,Corki,Varus,Nami
1,Maokai,Khazix,Ryze,Jhin,Malzahar
1,Maokai,Warwick,Ryze,Varus,Malzahar
1,Singed,Khazix,Corki,Jhin,Malzahar
1,Maokai,Nidalee,Jayce,Jhin,Malzahar
1,Rumble,Ivern,Jayce,Jhin,Taric
1,Maokai,Khazix,Ryze,MissFortune,Thresh
1,Maokai,Graves,Ekko,Jhin,Thresh
1,Rumble,Khazix,Jayce,Jhin,Lulu
1,Gangplank,Rengar,Corki,Jhin,Malzahar
1,Singed,Khazix,Corki,Jhin,Malzahar
1,Maokai,Graves,Orianna,Varus,Nami
1,Shen,Graves,Zed,Ziggs,Thresh
1,Gangplank,Elise,Syndra,Jhin,Lulu
1,Nautilus,Rengar,Jayce,Ashe,Soraka
1,Rumble,Rengar,Corki,Sivir,Janna
1,Fiora,Rengar,AurelionSol,Ashe,Soraka
1,Maokai,Rengar,Leblanc,Caitlyn,Zyra
1,Camille,Nidalee,Jayce,Jhin,Zyra
1,Shen,RekSai,Corki,Varus,Malzahar
1,Shen,Rengar,Jayce,Sivir,Karma
1,Rumble,Rengar,Orianna,Jhin,Janna
1,Nautilus,Graves,Ekko,Jhin,Zyra
1,Poppy,LeeSin,Orianna,Jhin,Soraka
1,Nautilus,Elise,Leblanc,Ashe,MissFortune
1,Camille,Rengar,Ahri,Jhin,Karma
1,Nautilus,Olaf,Syndra,Ashe,Nami
1,Shen,Graves,Orianna,Ezreal,Bard
1,Rumble,Graves,Jayce,Jhin,TahmKench
1,Rumble,Graves,Zed,Mordekaiser,Nautilus
1,Ekko,LeeSin,Jayce,Jhin,Malzahar
1,Nautilus,Graves,Orianna,Mordekaiser,Blitzcrank
1,Maokai,Rengar,Syndra,Varus,Karma
1,Kled,Elise,Jayce,Ashe,Nami
1,Gragas,LeeSin,Jayce,Ezreal,TahmKench
1,Gangplank,Zac,Leblanc,Jhin,Lulu
1,Rumble,Khazix,Jayce,Varus,Braum
1,Renekton,Rengar,Ahri,Ashe,TahmKench
1,Renekton,Graves,Syndra,Jhin,Karma
1,Renekton,Rengar,Viktor,Ashe,Camille
1,Camille,Rengar,Jayce,Ezreal,Karma
1,Rumble,Elise,Talon,Ashe,MissFortune
1,Rumble,Elise,Jayce,Jhin,Zyra
1,Camille,Rengar,Ekko,Ezreal,Karma
1,Kled,Elise,Viktor,Ezreal,Nami
1,Nautilus,Rengar,Syndra,Jhin,Lulu
1,Rumble,LeeSin,Jayce,Ziggs,Braum
1,Camille,Graves,Ryze,Ziggs,Karma
1,Rumble,Rengar,Jayce,Ashe,Karma
1,Kled,Zac,Cassiopeia,Ezreal,Lulu
1,Trundle,Rengar,Orianna,Caitlyn,Lulu
1,Rumble,Rengar,Ekko,Jhin,Karma
1,Poppy,Gragas,Ahri,Ezreal,Lulu
1,Shen,Graves,Ahri,Ashe,Lulu
1,Gragas,Graves,Vladimir,Ezreal,Thresh
1,Rumble,Rengar,Orianna,Caitlyn,Karma
1,Gragas,Graves,Ryze,Ashe,Lulu
1,Camille,Elise,Ryze,Jhin,Karma
1,Renekton,LeeSin,Talon,Ziggs,Malzahar
1,Camille,Elise,Ahri,Ezreal,Lulu
1,Gragas,Rengar,Orianna,Caitlyn,Lulu
1,Rumble,Olaf,Talon,Ezreal,Thresh
1,Camille,LeeSin,Vladimir,Ezreal,Lulu
1,Kled,Elise,Talon,Ezreal,Nautilus
1,Nautilus,Rengar,Orianna,Ashe,Lulu
1,Nautilus,Zac,Jayce,Kalista,Lulu
1,Shen,Elise,Jayce,Ashe,Lulu
1,Maokai,Nidalee,Jayce,Ziggs,Lulu
1,Rumble,Khazix,Zed,Jhin,Thresh
1,JarvanIV,Elise,Orianna,Lucian,Malzahar
1,Camille,Gragas,Orianna,Caitlyn,Zyra
1,Nautilus,LeeSin,Taliyah,Ezreal,Karma
1,Gragas,Olaf,Taliyah,Ezreal,Lulu
1,Renekton,LeeSin,Vladimir,Ashe,Malzahar
1,Nautilus,Khazix,Taliyah,Ezreal,Lulu
1,Kled,Rengar,Orianna,Lucian,Malzahar
1,Maokai,Khazix,Karthus,Ashe,Lulu
1,Renekton,Gragas,Jayce,Ziggs,Lulu
1,Nautilus,LeeSin,Vladimir,Ashe,Lulu
1,Maokai,LeeSin,Ahri,Ezreal,Malzahar
1,Nautilus,Khazix,Cassiopeia,Varus,Lulu
1,Nautilus,Gragas,Talon,Caitlyn,Lulu
1,Shen,LeeSin,Ekko,Lucian,Lulu
1,Shen,Graves,Leblanc,Ezreal,Karma
1,DrMundo,Rengar,Ahri,Ashe,Nami
1,Rumble,Rengar,Talon,Caitlyn,Karma
1,Renekton,Rengar,Orianna,Ashe,Karma
1,JarvanIV,Graves,Syndra,Ezreal,Lulu
1,Nautilus,Ivern,Talon,KogMaw,Karma
1,Nautilus,Khazix,Orianna,Ezreal,Malzahar
1,Kled,Elise,Leblanc,Ashe,Lulu
1,Gragas,Rengar,Syndra,Lucian,Lulu
1,Fizz,Khazix,Syndra,Ezreal,Lulu
1,Galio,Olaf,Orianna,Varus,Lulu
1,Renekton,Gragas,Orianna,Xayah,Rakan
1,Shen,Gragas,Orianna,Caitlyn,Karma
1,Shen,Elise,Ahri,Caitlyn,Bard
1,Gragas,Graves,Leblanc,Ashe,TahmKench
1,Kennen,Olaf,Taliyah,Caitlyn,Lulu
1,Shen,Rengar,Orianna,Twitch,Thresh
1,Rumble,LeeSin,Taliyah,Varus,Karma
1,Rumble,Rengar,Karma,Ashe,TahmKench
1,Shen,LeeSin,Ahri,Varus,Bard
1,Shen,Nidalee,Taliyah,Ashe,Karma
1,Shen,Ivern,Leblanc,Twitch,Lulu
1,Jayce,LeeSin,Ahri,Caitlyn,Zyra
1,Fiora,LeeSin,Orianna,Ashe,Karma
1,Kennen,LeeSin,Taliyah,Xayah,Sejuani
1,Renekton,Zac,Cassiopeia,Xayah,Rakan
1,Renekton,LeeSin,Ahri,Ashe,Karma
1,Jayce,LeeSin,Cassiopeia,Varus,Bard
1,Galio,LeeSin,Taliyah,Xayah,Rakan
1,Fiora,LeeSin,Malzahar,Ashe,Zyra
1,Kennen,Gragas,Ahri,Caitlyn,Bard
1,Kennen,Rengar,Orianna,Ashe,Lulu
1,Renekton,Zac,Ahri,KogMaw,Bard
1,JarvanIV,Elise,Taliyah,Caitlyn,Karma
1,Kennen,Olaf,Galio,Xayah,Rakan
1,JarvanIV,Elise,Taliyah,Caitlyn,Karma
1,JarvanIV,Ivern,Orianna,Kennen,Thresh
1,Fiora,Elise,Orianna,Ashe,Lulu
1,Rumble,Elise,Taliyah,Caitlyn,Karma
1,Gragas,LeeSin,Fiora,Varus,Blitzcrank
1,Gragas,LeeSin,Taliyah,Ashe,Thresh
1,Kennen,Gragas,Orianna,Ashe,Morgana
1,Renekton,Gragas,Orianna,Caitlyn,Morgana
1,Kennen,Nidalee,Lucian,Varus,Thresh
1,JarvanIV,Elise,Galio,Xayah,Rakan
1,Kled,Elise,Taliyah,Xayah,Thresh
1,Gragas,LeeSin,Syndra,Varus,Braum
1,Renekton,Elise,Cassiopeia,Varus,Braum
1,Rumble,LeeSin,Orianna,Kalista,Rakan
1,Rumble,Elise,Lucian,Varus,Blitzcrank
1,Gragas,LeeSin,Cassiopeia,Xayah,Rakan
1,JarvanIV,Gragas,Galio,Jhin,Bard
1,Renekton,Nidalee,Cassiopeia,Jhin,Braum
1,Shen,LeeSin,Syndra,Tristana,Braum
1,JarvanIV,RekSai,AurelionSol,Jhin,TahmKench
1,Shen,Elise,Syndra,Ashe,Braum
1,Kled,RekSai,Vladimir,Ashe,Thresh
1,Galio,Elise,Lucian,Kennen,Blitzcrank
1,JarvanIV,Olaf,Galio,Jhin,Lulu
1,Gragas,LeeSin,Syndra,Ashe,TahmKench
1,Shen,Olaf,Orianna,Caitlyn,Lulu
1,Renekton,RekSai,Ahri,Twitch,Thresh
1,JarvanIV,Elise,Leblanc,Varus,Thresh
1,Galio,Rengar,Syndra,Jhin,Lulu
1,Kennen,Rengar,Corki,Caitlyn,TahmKench
1,JarvanIV,Elise,Taliyah,Xayah,Braum
1,Rumble,Nunu,Lucian,Caitlyn,Bard
1,Renekton,Elise,Corki,Kalista,Braum
1,JarvanIV,Elise,Corki,Xayah,Morgana
1,Jayce,Elise,Orianna,Jhin,Braum
1,Kled,Khazix,Syndra,Jhin,TahmKench
1,Kled,Gragas,AurelionSol,Tristana,Morgana
1,JarvanIV,Khazix,Syndra,Caitlyn,Braum
1,Shen,RekSai,Orianna,Ashe,Braum
1,Kennen,Gragas,Corki,Tristana,Braum
1,Renekton,Khazix,Galio,Kalista,Thresh
1,Rumble,LeeSin,Corki,Caitlyn,TahmKench
1,Kled,Nidalee,Corki,Varus,Thresh
1,Kled,Zac,Orianna,Tristana,TahmKench
1,Shen,Elise,Corki,Xayah,Braum
1,Kled,Elise,Orianna,Tristana,Thresh
1,JarvanIV,Graves,Taliyah,Xayah,Thresh
1,Gnar,Gragas,Orianna,Kennen,Braum
1,Gnar,Gragas,Velkoz,Tristana,Morgana
1,JarvanIV,RekSai,Leblanc,Xayah,Alistar
1,Gnar,RekSai,Taliyah,Tristana,Thresh
1,Renekton,Nunu,Orianna,Kalista,Thresh
1,JarvanIV,Nidalee,Cassiopeia,Ashe,Thresh
1,Rumble,RekSai,Lucian,Kalista,Morgana
1,Camille,Gragas,Orianna,Xayah,Rakan
1,JarvanIV,Elise,Corki,Xayah,Bard
1,Kled,Nunu,Syndra,Kalista,Blitzcrank
1,Kled,Nidalee,Corki,Kalista,Braum
1,JarvanIV,Nunu,Taliyah,Tristana,Thresh
1,Renekton,Gragas,Syndra,Tristana,Braum
1,Gnar,Elise,Taliyah,Tristana,Blitzcrank
1,JarvanIV,Elise,Syndra,Ashe,TahmKench
1,Maokai,Kayn,Orianna,Caitlyn,Bard
1,Chogath,Maokai,Kassadin,Sivir,Taric
1,Maokai,Kayn,Cassiopeia,KogMaw,Braum
1,Gnar,Gragas,Orianna,Tristana,Lulu
1,JarvanIV,Chogath,Taliyah,Jhin,Thresh
1,JarvanIV,Maokai,Taliyah,Tristana,Thresh
1,Maokai,Graves,Taliyah,Sivir,Janna
1,JarvanIV,Maokai,Syndra,Caitlyn,Soraka
1,Camille,Chogath,TwistedFate,Jhin,Janna
1,Renekton,JarvanIV,Corki,Jhin,Thresh
1,Poppy,Elise,Taliyah,Sivir,Thresh
1,Maokai,Nunu,Jayce,Tristana,Alistar
1,Shen,Zac,Orianna,Varus,Taric
1,Shen,Gragas,Syndra,Caitlyn,Morgana
1,Camille,Gragas,Corki,Jhin,Taric
1,Chogath,Gragas,Syndra,Tristana,Bard
1,Shen,Zac,Syndra,Caitlyn,Braum
1,JarvanIV,Gragas,Taliyah,Kalista,Morgana
1,Gnar,Maokai,Syndra,Caitlyn,Karma
1,Shen,RekSai,Taliyah,Tristana,Bard
1,Kled,Maokai,Syndra,Tristana,Alistar
1,Maokai,Gragas,Taliyah,KogMaw,Janna
1,Galio,JarvanIV,Orianna,Caitlyn,Bard
1,Kled,Maokai,Syndra,Caitlyn,Blitzcrank
1,Renekton,Maokai,Taliyah,Jhin,Braum
1,Renekton,Nidalee,Corki,Kalista,Braum
1,Shen,Gragas,Syndra,Tristana,Lulu
1,Renekton,Elise,Lucian,KogMaw,Braum
1,JarvanIV,Gragas,Syndra,Tristana,Nami
1,JarvanIV,Maokai,Taliyah,KogMaw,Lulu
1,Chogath,Zac,Cassiopeia,Kalista,Taric
1,Gnar,Zac,Syndra,Sivir,Taric
1,Renekton,JarvanIV,Syndra,Twitch,Alistar
1,Maokai,Rengar,Corki,Tristana,Morgana
1,Nautilus,JarvanIV,Orianna,Kalista,Blitzcrank
1,Maokai,Rengar,Corki,Tristana,Morgana
1,Galio,JarvanIV,Taliyah,Tristana,Alistar
1,Gnar,Maokai,Taliyah,Sivir,Braum
1,Maokai,JarvanIV,Syndra,Twitch,Karma
1,Maokai,JarvanIV,Syndra,Caitlyn,Thresh
1,Gnar,Zac,Velkoz,Tristana,Alistar
1,Gnar,Gragas,Cassiopeia,Tristana,Bard
1,Shen,Sejuani,Cassiopeia,KogMaw,Alistar
1,JarvanIV,Gragas,Lucian,KogMaw,TahmKench
1,Shen,Gragas,Kassadin,Tristana,Thresh
1,JarvanIV,Elise,Taliyah,Xayah,Thresh
1,Camille,Zac,Orianna,Xayah,Rakan
1,Gnar,Gragas,Syndra,Xayah,Rakan
1,JarvanIV,Sejuani,Corki,KogMaw,TahmKench
1,Chogath,Gragas,Orianna,Tristana,Alistar
1,Rumble,JarvanIV,Galio,Xayah,Janna
1,Maokai,Nidalee,Galio,Xayah,Rakan
1,Kennen,JarvanIV,Galio,Twitch,Rakan
1,Jax,Sejuani,Corki,Xayah,Thresh
1,Maokai,Nidalee,Syndra,Tristana,Rakan
1,Maokai,Nocturne,Syndra,Ashe,Zyra
1,Shen,RekSai,Taliyah,Ashe,Zyra
1,Nautilus,LeeSin,Ryze,Ezreal,Zyra
1,Rumble,Ivern,Syndra,Ashe,MissFortune
1,Rumble,Khazix,Orianna,Varus,Malzahar
1,Maokai,RekSai,Syndra,Ashe,Taric
1,Camille,Rumble,Orianna,Caitlyn,Lulu
1,Shen,LeeSin,Leblanc,Ashe,Zyra
1,Rumble,LeeSin,Jayce,Jhin,Zyra
1,Shen,Khazix,Syndra,Jhin,Thresh
1,Shen,Rengar,Corki,Ashe,Karma
1,Nautilus,Rengar,Mordekaiser,Jhin,Karma
1,Maokai,Khazix,Corki,Varus,Zyra
1,Maokai,RekSai,Syndra,Jhin,Malzahar
1,Rumble,Khazix,Corki,Varus,Zyra
1,Trundle,Rengar,Ryze,Ashe,Malzahar
1,Shen,RekSai,Leblanc,Ashe,Bard
1,Poppy,Ivern,Ryze,Jhin,Malzahar
1,Shen,Khazix,Corki,Jhin,Bard
1,Maokai,Khazix,Taliyah,Ashe,Nautilus
1,Rumble,Rengar,Ryze,Sivir,Karma
1,Shen,Khazix,Ryze,Ashe,Zyra
1,Rumble,Khazix,Corki,Jhin,Karma
1,Shen,Ivern,Ryze,Caitlyn,Bard
1,Maokai,Ivern,Corki,Varus,Bard
1,Trundle,Ivern,Ryze,Varus,Malzahar
1,Rumble,Khazix,Corki,Caitlyn,Malzahar
1,Shen,RekSai,Ryze,Ashe,Zyra
1,Shen,Khazix,Viktor,Jhin,Karma
1,Maokai,Khazix,Ryze,Varus,Karma
1,Shen,Ivern,Cassiopeia,Jhin,TahmKench
1,Camille,Rumble,Orianna,Jhin,Nautilus
1,Rumble,RekSai,Ryze,Jhin,Zyra
1,Maokai,Khazix,Jayce,Sivir,Karma
1,Jayce,LeeSin,Orianna,Draven,Malzahar
1,Camille,LeeSin,Orianna,Jhin,Zilean
1,Gangplank,LeeSin,Varus,MissFortune,Zyra
1,Shen,Khazix,Leblanc,Jhin,Malzahar
1,Maokai,Ivern,Malzahar,Kennen,MissFortune
1,Rumble,Warwick,Jayce,Jhin,TahmKench
1,Maokai,Khazix,Ryze,Varus,TahmKench
1,Rumble,Elise,Jayce,Jhin,TahmKench
1,Renekton,Graves,Orianna,Jhin,TahmKench
1,Rumble,Graves,Azir,Varus,Braum
1,Camille,LeeSin,Ryze,Ziggs,Karma
1,Gangplank,Ivern,Leblanc,Sivir,Zyra
1,Camille,Rengar,Taliyah,Draven,Malzahar
1,Maokai,LeeSin,Leblanc,Sivir,Karma
1,Rumble,Rengar,Cassiopeia,Jhin,Braum
1,Maokai,Rengar,Orianna,Sivir,Lulu
1,Renekton,LeeSin,Ahri,Jhin,Malzahar
1,Nautilus,Graves,Syndra,Varus,Karma
1,Nautilus,Khazix,Syndra,Varus,Malzahar
1,Renekton,Nidalee,Ryze,Ashe,Malzahar
1,Renekton,Elise,Ekko,Varus,Karma
1,Fiora,LeeSin,Syndra,Jhin,Malzahar
1,Gangplank,Rengar,Cassiopeia,Caitlyn,Malzahar
1,Maokai,LeeSin,Swain,Jhin,Malzahar
1,Shen,Graves,Ahri,Ezreal,Lulu
1,Nautilus,Graves,Viktor,Varus,Karma
1,Shen,Rengar,Ryze,Jhin,Zilean
1,Gnar,Rengar,Viktor,Jhin,TahmKench
1,Rumble,LeeSin,Leblanc,Ashe,Lulu
1,Nautilus,Graves,Jayce,Ziggs,Karma
1,Gragas,LeeSin,Jayce,Ziggs,Lulu
1,Maokai,Elise,Zed,Jhin,Nautilus
1,Nautilus,Graves,Leblanc,Ezreal,Karma
1,Gnar,LeeSin,Vladimir,Varus,Malzahar
1,Nautilus,Rengar,Syndra,Caitlyn,Braum
1,Nautilus,Graves,Ahri,Lucian,Zyra
1,Gnar,LeeSin,Swain,Varus,Malzahar
1,Fizz,Khazix,Ahri,Ezreal,Thresh
1,Fizz,Gragas,Vladimir,Ezreal,Camille
1,Gragas,Rengar,Kassadin,Ezreal,Lulu
1,Rumble,Graves,Zilean,Ezreal,TahmKench
1,Gnar,Graves,Kassadin,Ziggs,TahmKench
1,Rumble,Warwick,Kassadin,Caitlyn,Taric
1,Gragas,Elise,Talon,Varus,Malzahar
1,Nautilus,Rengar,Vladimir,Lucian,Malzahar
1,Shen,Elise,Ekko,Kennen,Zyra
1,Rumble,Rengar,Syndra,Ezreal,Karma
1,Shen,Rengar,Leblanc,Varus,Brand
1,Kennen,Graves,Orianna,Varus,Thresh
1,Gragas,LeeSin,Orianna,Varus,Karma
1,Rumble,Graves,Syndra,Kalista,Zyra
1,Fizz,Graves,Ryze,Sivir,Malzahar
1,Nautilus,Graves,Swain,Kalista,Alistar
1,Shen,Rengar,Orianna,Varus,Braum
1,Shen,LeeSin,Ryze,Kennen,Zyra
1,Gragas,Graves,Syndra,Ezreal,Fiddlesticks
1,Shen,Rengar,Leblanc,Varus,Lulu
1,Gragas,Elise,Leblanc,Twitch,Camille
1,Shen,Khazix,AurelionSol,Kennen,Camille
1,Camille,Graves,Orianna,Ezreal,Karma
1,Rumble,Graves,Vladimir,Lucian,Braum
1,Kennen,Rengar,Lulu,Ashe,Karma
1,Rumble,Rengar,Vladimir,Jhin,TahmKench
1,Gragas,Ivern,Ryze,Kennen,Karma
1,Gragas,Ivern,Leblanc,Kennen,Thresh
1,Gnar,Elise,Leblanc,Kennen,Karma
1,Camille,Ivern,Swain,Caitlyn,Lulu
1,Shen,Gragas,Talon,Lucian,Malzahar
1,Gragas,Graves,Viktor,Caitlyn,Thresh
1,Galio,Elise,Taliyah,Tristana,Thresh
1,Shen,Elise,Orianna,Tristana,Thresh
1,Galio,Elise,Syndra,Xayah,Rakan
1,Galio,Khazix,Orianna,KogMaw,Thresh
1,Shen,Gragas,Syndra,Caitlyn,Braum
1,Gragas,Elise,Lucian,Varus,Zyra
1,Galio,Elise,Viktor,Lucian,Braum
1,JarvanIV,Elise,Syndra,Twitch,Camille
1,Rumble,Zac,Viktor,Ashe,Bard
1,Kennen,LeeSin,Syndra,Varus,Thresh
1,Fiora,Ivern,Taliyah,Caitlyn,Thresh
1,Galio,Warwick,Syndra,Caitlyn,Braum
1,JarvanIV,LeeSin,Cassiopeia,Varus,Thresh
1,Shen,Zac,Leblanc,Varus,TahmKench
1,Galio,Khazix,Leblanc,Twitch,Lulu
1,Shen,Zac,Lucian,Twitch,Lulu
1,Shen,Warwick,Taliyah,Xayah,Rakan
1,Shen,Rengar,Vladimir,Twitch,Blitzcrank
1,Renekton,Khazix,Leblanc,Caitlyn,Braum
1,Shen,Khazix,Syndra,Caitlyn,Braum
1,Fiora,Warwick,Viktor,Kalista,Thresh
1,Renekton,LeeSin,Orianna,Ashe,Thresh
1,Rumble,Khazix,Galio,Xayah,Braum
1,Renekton,LeeSin,Taliyah,Xayah,Blitzcrank
1,Gnar,Khazix,Orianna,KogMaw,Thresh
1,Fiora,LeeSin,Orianna,Xayah,TahmKench
1,Shen,Khazix,Leblanc,Ashe,Braum
1,Renekton,Zac,Corki,Varus,Rakan
1,Rumble,Khazix,Orianna,Twitch,Thresh
1,JarvanIV,Elise,Orianna,Varus,Blitzcrank
1,Galio,Khazix,Corki,Kennen,Camille
1,Gnar,Warwick,Syndra,Kalista,Thresh
1,Rumble,Khazix,Lucian,Twitch,TahmKench
1,Camille,Zac,Syndra,Twitch,Thresh
1,JarvanIV,Khazix,Taliyah,Kennen,Thresh
1,Gragas,Elise,Corki,Tristana,Camille
1,Galio,Elise,Corki,Tristana,Morgana
1,Rumble,RekSai,KogMaw,Jhin,TahmKench
1,Renekton,Khazix,Galio,Twitch,TahmKench
1,Renekton,RekSai,Corki,Jhin,Thresh
1,Rumble,Olaf,Lucian,Ashe,TahmKench
1,Renekton,Elise,Corki,Twitch,Braum
1,JarvanIV,Zac,Syndra,KogMaw,Braum
1,JarvanIV,Sejuani,Leblanc,Kalista,Braum
1,Kled,Gragas,Orianna,Varus,Thresh
1,Gnar,Elise,Vladimir,Caitlyn,Braum
1,Gnar,Elise,Vladimir,Jhin,TahmKench
1,JarvanIV,Khazix,Taliyah,Varus,Braum
1,JarvanIV,Khazix,Taliyah,Caitlyn,Braum
1,Rumble,Chogath,Syndra,Ashe,Thresh
1,Renekton,Gragas,Cassiopeia,Caitlyn,TahmKench
1,Galio,Khazix,Syndra,Kalista,Thresh
1,JarvanIV,Warwick,Syndra,Sivir,Rakan
1,JarvanIV,Maokai,Syndra,Kalista,Rakan
1,JarvanIV,Zac,Orianna,Varus,Alistar
1,Chogath,Khazix,Syndra,Jhin,Braum
1,Chogath,Maokai,Talon,Xayah,Rakan
1,JarvanIV,Chogath,Galio,Varus,Taric
1,Chogath,Maokai,Orianna,Ashe,TahmKench
1,JarvanIV,Sejuani,Syndra,Varus,Braum
1,JarvanIV,Maokai,Orianna,Kalista,Trundle
1,Gnar,Sejuani,Syndra,Tristana,Braum
1,Rumble,Sejuani,Jayce,Kalista,Alistar
1,Gnar,Elise,Jayce,Varus,Alistar
1,Chogath,Zac,Leblanc,Lucian,Alistar
1,Rumble,Gragas,Orianna,Caitlyn,Trundle
1,Gnar,Elise,Kayn,Varus,Thresh
1,JarvanIV,Sejuani,Orianna,Kalista,Braum
1,Chogath,Gragas,Talon,Jhin,Braum
1,Shen,Maokai,Cassiopeia,Kalista,Alistar
1,Chogath,Gragas,Talon,Xayah,TahmKench
1,Chogath,Gragas,Syndra,Xayah,Morgana
1,Gnar,Sejuani,Orianna,Kalista,Janna
1,Gnar,Zac,Orianna,Tristana,TahmKench
1,Kled,Zac,Cassiopeia,Xayah,Rakan
1,Gnar,Gragas,Orianna,Tristana,Braum
1,Chogath,Kayn,Leblanc,Twitch,Trundle
1,Gnar,Sejuani,Orianna,Tristana,Alistar
1,Renekton,Elise,Syndra,Tristana,Thresh
1,Chogath,Elise,Lucian,Tristana,Thresh
1,Ekko,Draven,Nunu,Heimerdinger,LeeSin
1,Gnar,JarvanIV,Orianna,Ashe,Taric
1,Nocturne,Bard,Heimerdinger,Irelia,Gragas
1,Maokai,Zac,Cassiopeia,Tristana,Janna
1,Gnar,Zac,Cassiopeia,Tristana,Blitzcrank
1,JarvanIV,Kayn,Orianna,Tristana,Thresh
1,Chogath,JarvanIV,Cassiopeia,Ashe,Trundle
1,JarvanIV,Sejuani,Orianna,Jhin,Rakan
1,JarvanIV,Elise,Cassiopeia,Ashe,Alistar
1,Camille,Elise,Syndra,Ashe,Rakan
1,JarvanIV,Gragas,Syndra,Ashe,Trundle
1,JarvanIV,Sejuani,Cassiopeia,Varus,Braum
1,Renekton,Sejuani,Syndra,Tristana,Thresh
1,Trundle,Gragas,Orianna,Xayah,Alistar
1,Chogath,JarvanIV,Leblanc,Sivir,Alistar
1,Chogath,Gragas,Lucian,KogMaw,Morgana
1,Rumble,Sejuani,Cassiopeia,Varus,Alistar
1,Gnar,Gragas,Syndra,Tristana,Rakan
1,Maokai,Kayn,Cassiopeia,Tristana,Thresh
1,JarvanIV,Sejuani,Cassiopeia,Xayah,Rakan
1,Gnar,Gragas,Cassiopeia,Sivir,Braum
1,Maokai,Gragas,AurelionSol,Tristana,Alistar
1,Shen,Gragas,Syndra,Tristana,Janna
1,Fiora,RekSai,Ryze,Varus,TahmKench
1,Singed,Rengar,Taliyah,Jhin,MissFortune
1,Camille,RekSai,Orianna,Jhin,Zyra
1,Poppy,Rengar,Katarina,Ziggs,Zyra
1,Sion,Rengar,Orianna,Jhin,Nautilus
1,Jayce,RekSai,Leblanc,Caitlyn,Zyra
1,Kennen,Olaf,Cassiopeia,Varus,Malzahar
1,Maokai,Graves,Taliyah,Ashe,Zyra
1,Rumble,Olaf,Orianna,Varus,Malzahar
1,Maokai,Olaf,Ryze,Jhin,Malzahar
1,Jayce,Khazix,Ahri,Ashe,Malzahar
1,Singed,Khazix,Taliyah,Ashe,Zyra
1,Sion,RekSai,Corki,Caitlyn,Malzahar
1,Maokai,Rengar,Cassiopeia,Ashe,Nami
1,Camille,Elise,Syndra,Varus,Zilean
1,Gangplank,Khazix,Katarina,Ashe,Malzahar
1,Maokai,Khazix,Cassiopeia,Varus,Malzahar
1,Poppy,Khazix,Orianna,Ashe,Zyra
1,Maokai,Khazix,Viktor,Varus,Malzahar
1,Maokai,Khazix,Cassiopeia,Jhin,Braum
1,Maokai,Khazix,Ryze,Varus,Nami
1,Jayce,Ivern,Ryze,Caitlyn,Zyra
1,Renekton,Olaf,Orianna,Ashe,Malzahar
1,Maokai,Khazix,Corki,Varus,Zyra
1,Nautilus,RekSai,Corki,Varus,Karma
1,Poppy,Elise,Corki,Caitlyn,Malzahar
1,Maokai,Khazix,Viktor,Jhin,Zyra
1,Fiora,Elise,Jayce,Jhin,Braum
1,Shen,Khazix,Corki,Ashe,Zyra
1,Gangplank,LeeSin,Corki,Varus,Malzahar
1,Maokai,Khazix,AurelionSol,Jhin,MissFortune
1,Maokai,Graves,Orianna,Varus,MissFortune
1,Shen,Khazix,Corki,Varus,Karma
1,Shen,Khazix,Syndra,Caitlyn,Zyra
1,Kennen,Elise,Syndra,Varus,Nautilus
1,Poppy,Graves,Ryze,Varus,Karma
1,Sion,Elise,Syndra,Varus,Velkoz
1,Rumble,Graves,Corki,Varus,Karma
1,Rumble,Rengar,Azir,Ziggs,Zyra
1,Maokai,Rengar,Ekko,Jhin,Nami
1,Camille,Khazix,Zilean,Ashe,Karma
1,Maokai,Rengar,Ryze,Jhin,TahmKench
1,Shen,Rengar,Corki,Ashe,Nami
1,Camille,Elise,Syndra,Jhin,TahmKench
1,Olaf,Rengar,Ekko,Jhin,Zyra
1,Camille,Khazix,Corki,Ezreal,Karma
1,Maokai,Graves,Orianna,Ashe,Karma
1,Jayce,LeeSin,Malzahar,Ziggs,Zyra
1,Nautilus,Graves,Syndra,Jhin,Karma
1,Nautilus,Khazix,Ahri,Jhin,Zyra
1,Shen,LeeSin,Orianna,Varus,Karma
1,Nautilus,Rengar,Syndra,Caitlyn,Thresh
1,Nautilus,Rengar,Talon,Ashe,Zyra
1,Maokai,Graves,Ahri,Varus,Thresh
1,Renekton,Elise,Jayce,Jhin,Lulu
1,Maokai,RekSai,Corki,Jhin,Zyra
1,Shen,Elise,Zed,Ashe,Malzahar
1,Maokai,Rengar,Syndra,Sivir,Lulu
1,Rumble,Rengar,Corki,Caitlyn,Lulu
1,Maokai,Graves,Corki,Ashe,Zyra
1,Shen,Rengar,Syndra,Ziggs,Malzahar
1,Maokai,Khazix,Ryze,Jhin,Thresh
1,Rengar,Graves,Ahri,Jhin,Thresh
1,Maokai,Rengar,Leblanc,Caitlyn,TahmKench
1,Maokai,Rengar,Ahri,Ashe,Lulu
1,Renekton,Khazix,Corki,Ashe,Malzahar
1,Maokai,Khazix,Ahri,Ashe,Lulu
1,Gangplank,Rengar,Orianna,Jhin,Karma
1,Camille,Gragas,Viktor,Caitlyn,Lulu
1,Rumble,Graves,Zilean,Ezreal,Lulu
1,Maokai,Graves,Corki,Jhin,Nami
1,Camille,LeeSin,Ryze,Ezreal,Thresh
1,Camille,Graves,Corki,Ashe,Thresh
1,Rumble,LeeSin,Jayce,Ezreal,Nami
1,Nautilus,Graves,Syndra,Jhin,TahmKench
1,Shen,Rengar,Ryze,Jhin,Zyra
1,Maokai,Graves,Taliyah,Ashe,Lulu
1,Renekton,LeeSin,Leblanc,Ezreal,Lulu
1,Kennen,Graves,Ryze,Ezreal,Karma
1,Camille,Gragas,Orianna,Ezreal,Karma
1,Nautilus,Graves,Taliyah,Ezreal,Lulu
1,Rumble,RekSai,Taliyah,Ashe,Camille
1,Nautilus,Rengar,Ryze,Ezreal,Zyra
1,Rumble,Graves,Orianna,Ezreal,Zyra
1,Maokai,Graves,Ryze,Jhin,Zyra
1,Nautilus,Graves,Taliyah,Jhin,Thresh
1,Nautilus,Graves,Vladimir,Jhin,Zyra
1,Rumble,Graves,Talon,KogMaw,Lulu
1,Rumble,LeeSin,Talon,Ashe,Karma
1,Nautilus,Rengar,Taliyah,Ashe,Zyra
1,Rumble,LeeSin,Talon,Ezreal,Nami
1,Rumble,Rengar,Orianna,Jhin,TahmKench
1,Nautilus,Khazix,Ryze,Ashe,TahmKench
1,Nautilus,Graves,Syndra,Jhin,Zyra
1,Shen,Khazix,Taliyah,Ashe,Zyra
1,Maokai,Rengar,Syndra,Jhin,Zyra
1,Kennen,Elise,Orianna,Varus,TahmKench
1,Poppy,Elise,Leblanc,Jhin,Zyra
1,Nautilus,LeeSin,Orianna,Ziggs,Elise
1,Rumble,LeeSin,Talon,Ashe,Nami
1,Gragas,Graves,Syndra,Ezreal,Karma
1,Shen,Graves,Syndra,Jhin,Zyra
1,Maokai,Rengar,Corki,Jhin,Zyra
1,Rumble,Rengar,Jayce,Varus,Braum
1,Nautilus,Rengar,Taliyah,Jhin,TahmKench
1,Camille,Khazix,Vladimir,Lucian,Lulu
1,Nautilus,Graves,Vladimir,Varus,Sion
1,Nautilus,LeeSin,Orianna,Lucian,Nami
1,Jayce,Graves,Viktor,Ashe,Malzahar
1,Maokai,LeeSin,Orianna,Ashe,Zyra
1,Rumble,Rengar,Corki,Jhin,TahmKench
1,Gragas,Elise,Talon,Varus,Nami
1,Rumble,Elise,Zed,Jhin,Zyra
1,Nautilus,Elise,Talon,Ezreal,Lulu
1,Maokai,Graves,Ryze,Ezreal,Karma
1,Maokai,Graves,Ahri,Varus,TahmKench
1,Shen,Rengar,Talon,Ezreal,Zyra
1,Nautilus,Olaf,Taliyah,Jhin,Thresh
1,Nautilus,Rengar,Syndra,Lucian,Zyra
1,Shen,Graves,Cassiopeia,Jhin,Brand
1,Nautilus,Khazix,Ahri,Lucian,Lulu
1,Maokai,Rengar,Taliyah,Kalista,Lulu
1,Rumble,LeeSin,Talon,Jhin,Nautilus
1,Rumble,Graves,Orianna,Caitlyn,Karma
1,Nautilus,Khazix,Ryze,Ashe,Lux
1,Rumble,Rengar,Syndra,Ezreal,TahmKench
1,Renekton,LeeSin,Taliyah,Ashe,Karma
1,Jayce,Elise,Orianna,Ashe,Velkoz
1,Nautilus,Khazix,Syndra,KogMaw,Malzahar
1,Renekton,Elise,Taliyah,Varus,Zyra
1,Nautilus,LeeSin,Syndra,Varus,Karma
1,Kennen,Graves,Ryze,Varus,Zyra
1,Camille,Elise,Viktor,Ashe,MissFortune
1,Rumble,Rengar,Leblanc,Caitlyn,Malzahar
1,Kennen,Elise,Ekko,Ashe,Lulu
1,Sejuani,Elise,Karma,Varus,Bard
1,JarvanIV,Elise,Orianna,Ashe,Zyra
1,Shen,LeeSin,Syndra,Caitlyn,TahmKench
1,Rumble,Olaf,Galio,Jhin,Karma
1,Kled,Elise,Taliyah,Varus,Zyra
1,Renekton,Elise,Zed,Varus,Zyra
1,Kennen,LeeSin,Vladimir,Kalista,Thresh
1,Fiora,Zac,Kassadin,Twitch,Thresh
1,Jayce,Graves,Galio,Xayah,Rakan
1,JarvanIV,Elise,Galio,Ashe,Karma
1,JarvanIV,Elise,Orianna,Ashe,Thresh
1,JarvanIV,Graves,Syndra,Xayah,Blitzcrank
1,Kled,Gragas,Syndra,Varus,Karma
1,Rumble,RekSai,Galio,Ashe,Karma
1,Renekton,LeeSin,Galio,Caitlyn,TahmKench
1,Kled,Gragas,Viktor,Varus,Karma
1,JarvanIV,LeeSin,Taliyah,Caitlyn,Karma
1,Rumble,Elise,Taliyah,Varus,Lulu
1,JarvanIV,Khazix,Syndra,Jhin,TahmKench
1,Gragas,Khazix,Syndra,Kalista,Braum
1,Jayce,LeeSin,Taliyah,Xayah,Blitzcrank
1,Rumble,LeeSin,Galio,Ashe,Braum
1,Kled,Graves,Galio,Caitlyn,Braum
1,Rumble,Khazix,Galio,Varus,Karma
1,Kled,RekSai,Taliyah,Caitlyn,Thresh
1,Rumble,Khazix,Galio,Caitlyn,Braum
1,Renekton,Graves,Galio,Varus,Lulu
1,Rumble,Khazix,Galio,Ashe,Karma
1,Rumble,Khazix,Jayce,Ashe,Bard
1,Renekton,Gragas,Galio,Twitch,Braum
1,Renekton,LeeSin,Taliyah,Caitlyn,TahmKench
1,JarvanIV,Zac,Galio,KogMaw,Lulu
1,Gragas,Elise,Viktor,Kalista,Braum
1,Shen,Zac,Leblanc,Caitlyn,Karma
1,JarvanIV,Zac,Karma,Ashe,Lulu
1,Renekton,Gragas,Galio,Varus,Rakan
1,Jayce,LeeSin,Taliyah,Varus,Thresh
1,Kled,Elise,Leblanc,Kalista,Rakan
1,Camille,Zac,Orianna,Xayah,Lulu
1,JarvanIV,Olaf,Galio,Caitlyn,Lulu
1,Rumble,LeeSin,Taliyah,Twitch,Braum
1,Renekton,Khazix,Taliyah,Caitlyn,TahmKench
1,Renekton,Khazix,Karma,Twitch,TahmKench
1,Gragas,LeeSin,Cassiopeia,Caitlyn,Braum
1,Renekton,Khazix,Karma,KogMaw,Braum
1,Renekton,Khazix,Taliyah,Caitlyn,Lulu
1,Gragas,Khazix,Taliyah,Caitlyn,TahmKench
1,Rumble,Graves,Orianna,Caitlyn,Thresh
1,Gnar,Gragas,Syndra,Caitlyn,TahmKench
1,Akali,RekSai,Galio,Ashe,Blitzcrank
1,Renekton,Gragas,Karma,Varus,Braum
1,Mordekaiser,Khazix,Galio,Varus,Alistar
1,Renekton,Zac,Kassadin,Xayah,Rakan
1,Jayce,Khazix,Galio,Varus,Thresh
1,Shen,Elise,Lucian,Jhin,Braum
1,JarvanIV,LeeSin,Karma,Caitlyn,Braum
1,Renekton,Elise,Corki,Kalista,Thresh
1,Gnar,Elise,Orianna,Ashe,Karma
1,Camille,RekSai,Orianna,Caitlyn,Braum
1,Rumble,LeeSin,Viktor,Ashe,Braum
1,Renekton,RekSai,Syndra,Caitlyn,Blitzcrank
1,Rumble,RekSai,Corki,Caitlyn,Thresh
1,Renekton,Elise,Orianna,Kalista,Braum
1,Renekton,Elise,Karma,Xayah,Braum
1,Jayce,Gragas,Galio,Ashe,Zyra
1,Rumble,RekSai,Karma,Kalista,Thresh
1,Renekton,Zac,Viktor,Twitch,Thresh
1,Renekton,Gragas,Orianna,Kalista,Rakan
1,Camille,Elise,Taliyah,Varus,Braum
1,Jax,Elise,Taliyah,Ashe,Braum
1,JarvanIV,Zac,Syndra,Varus,TahmKench
1,Jayce,Gragas,Orianna,Ashe,Kennen
1,Camille,Sejuani,Taliyah,Varus,Braum
1,Jayce,Elise,Taliyah,Twitch,Braum
1,JarvanIV,Rumble,Corki,Kalista,Alistar
1,JarvanIV,Sejuani,Orianna,Jinx,Braum
1,JarvanIV,Zac,Leblanc,Kalista,Rakan
1,Jax,JarvanIV,AurelionSol,KogMaw,Thresh
1,JarvanIV,Gragas,Galio,Kalista,Rakan
1,Jayce,Elise,Lucian,Kalista,Thresh
1,Jayce,Elise,Orianna,Tristana,Alistar
1,JarvanIV,Gragas,Orianna,Xayah,Rakan
1,JarvanIV,Elise,Taliyah,Ashe,Thresh
1,Camille,JarvanIV,Orianna,Kalista,Rakan
1,JarvanIV,Gragas,Taliyah,Kalista,Thresh
1,Kled,RekSai,Cassiopeia,Xayah,Braum
1,Renekton,Gragas,Galio,Kalista,Thresh
1,Shen,Elise,Leblanc,Tristana,Thresh
1,Rumble,JarvanIV,Corki,Kalista,Kennen
1,Renekton,Elise,Kassadin,Tristana,Braum
1,Renekton,Elise,Lucian,Varus,Braum
1,Maokai,Rengar,Cassiopeia,Kalista,Zyra
1,Shen,Gragas,Galio,Kalista,Rakan
1,Jayce,Gragas,Orianna,Tristana,Braum
1,Maokai,RekSai,Viktor,Xayah,Rakan
1,Rumble,Elise,Lucian,Tristana,Alistar
1,Maokai,JarvanIV,Orianna,Varus,Zyra
1,JarvanIV,Sejuani,Syndra,Kalista,Blitzcrank
1,Renekton,Elise,Malzahar,Xayah,Rakan
1,Jax,Sejuani,Taliyah,Kalista,Taric
1,Renekton,Elise,Lucian,Twitch,Thresh
1,Maokai,RekSai,Corki,Varus,Braum
1,Renekton,Elise,Galio,Ashe,Alistar
1,Rumble,JarvanIV,Cassiopeia,Kalista,Kennen
1,Jayce,Elise,Leblanc,Tristana,Morgana
1,Chogath,Gragas,Orianna,Tristana,Rakan
1,Gnar,Rumble,Taliyah,Kalista,Alistar
1,Renekton,Gragas,Galio,Ashe,Braum
1,Kled,JarvanIV,Orianna,Kalista,Rakan
1,Galio,Gragas,Orianna,Xayah,Thresh
1,Camille,Gragas,Orianna,Kalista,Taric
1,Jayce,RekSai,Corki,Kalista,Morgana
1,Chogath,Gragas,Orianna,Xayah,TahmKench
1,Chogath,JarvanIV,Cassiopeia,Kalista,Kennen
1,JarvanIV,Gragas,Galio,Kalista,Rakan
1,Rumble,Zac,Lucian,Tristana,Alistar
1,Chogath,Sejuani,Orianna,KogMaw,Thresh
1,Jayce,JarvanIV,Taliyah,Kalista,Alistar
1,Chogath,Sejuani,Syndra,Kalista,Braum
1,Camille,Jax,Viktor,Kalista,Alistar
1,Renekton,Rumble,Corki,Kalista,Rakan
1,Maokai,Sejuani,Orianna,Tristana,Alistar
1,Jax,Sejuani,Taliyah,Kalista,Taric
1,Gnar,Gragas,Galio,Tristana,Lulu
1,Kennen,Zac,Lucian,Caitlyn,Alistar
1,Maokai,Gragas,Fizz,Kalista,Taric
1,Shen,Zac,Leblanc,Kalista,Thresh
1,Jax,Zac,Orianna,Varus,Alistar
1,Jayce,Gragas,Taliyah,Caitlyn,Thresh
1,Maokai,Olaf,Taliyah,Draven,Janna
1,Renekton,Elise,Taliyah,KogMaw,Lulu
1,Chogath,Khazix,Syndra,Tristana,Rakan
1,Chogath,Zac,Syndra,Kalista,Lulu
1,Chogath,Sejuani,Taliyah,Kalista,Janna
1,Shen,Khazix,Orianna,Jhin,MissFortune
1,Poppy,Rengar,Corki,Jhin,TahmKench
1,Gragas,LeeSin,Syndra,Varus,Karma
1,Gragas,Khazix,Ryze,Varus,TahmKench
1,Kled,Elise,AurelionSol,Varus,Zyra
1,Shen,Khazix,Zed,Ziggs,Zyra
1,Maokai,Rengar,Ryze,Ezreal,Karma
1,Maokai,Graves,Kassadin,Jhin,Zyra
1,Camille,Elise,Syndra,Ashe,Malzahar
1,Poppy,Elise,Cassiopeia,Caitlyn,Malzahar
1,Camille,LeeSin,Syndra,Ashe,Karma
1,Rumble,Graves,Zed,Ashe,Karma
1,Gragas,Rengar,Ryze,Sivir,Lulu
1,Gragas,Graves,Zilean,Varus,Malzahar
1,Camille,Elise,Cassiopeia,Caitlyn,Lulu
1,Nautilus,Graves,Zed,Ashe,Brand
1,Rumble,Rengar,Zilean,Jhin,Thresh
1,Rumble,Khazix,Zed,Jhin,TahmKench
1,Nautilus,Graves,Zed,Jhin,Brand
1,Maokai,Khazix,Zed,Jhin,Braum
1,Shen,Khazix,Leblanc,Ashe,Zyra
1,Nautilus,Khazix,Ryze,Ashe,Leona
1,Maokai,Rengar,Cassiopeia,Jhin,Thresh
1,Rumble,Khazix,Zed,Jhin,Nautilus
1,Nautilus,LeeSin,Taliyah,Ashe,Zyra
1,Poppy,LeeSin,Syndra,Varus,Lulu
1,Gragas,Khazix,Syndra,Ashe,Zyra
1,Nautilus,Graves,Syndra,Ezreal,Nami
1,Rumble,Khazix,Syndra,Jhin,Zyra
1,Camille,Gragas,Zilean,Ashe,TahmKench
1,Rumble,Khazix,Ryze,Ashe,Lulu
1,Nautilus,Rengar,Syndra,Ashe,Karma
1,Nautilus,Graves,Orianna,Lucian,Nami
1,Poppy,Gragas,Cassiopeia,Ezreal,Lulu
1,Nautilus,Graves,Zilean,Varus,Thresh
1,Nautilus,Rengar,Orianna,Lucian,Nami
1,Nautilus,Rengar,Orianna,Ezreal,Nami
1,Maokai,Rengar,Vladimir,Caitlyn,Zyra
1,Rumble,RekSai,Viktor,Ashe,Nami
1,Nautilus,Khazix,Orianna,Ashe,Malzahar
1,Maokai,Khazix,Syndra,Varus,Sona
1,Nautilus,Graves,Viktor,Varus,Karma
1,Maokai,Khazix,Syndra,Ashe,Karma
1,Fiora,Elise,Zed,Ashe,Nautilus
1,Camille,Rengar,Taliyah,Varus,Nautilus
1,Nautilus,Khazix,Orianna,Ashe,Lulu
1,Nautilus,Khazix,Syndra,Jhin,Zyra
1,Maokai,Graves,Ahri,Varus,Sona
1,Rumble,Rengar,Taliyah,Varus,Sona
1,Fiora,Rengar,Cassiopeia,Varus,Lulu
1,Renekton,Rengar,Zilean,Varus,Lulu
1,Nautilus,Graves,Ahri,Varus,Lulu
1,Kled,Elise,Talon,Varus,Karma
1,Maokai,LeeSin,AurelionSol,Jhin,Zyra
1,Shen,Khazix,Syndra,Varus,Karma
1,Rumble,Khazix,Vladimir,Varus,Lulu
1,Nautilus,Khazix,Syndra,Lucian,Nami
1,Nautilus,Khazix,Orianna,Ezreal,Nami
1,Kled,LeeSin,Taliyah,Ashe,Lulu
1,Rumble,Rengar,Karma,Varus,Zyra
1,Nautilus,LeeSin,Orianna,Varus,Nami
1,JarvanIV,Khazix,Orianna,Ashe,Thresh
1,Nautilus,Graves,Taliyah,Jinx,Lulu
1,Rumble,LeeSin,Zed,Varus,Zyra
1,Kled,Rengar,Ahri,Varus,Malzahar
1,Kled,LeeSin,Ekko,Ashe,Karma
1,JarvanIV,Khazix,Syndra,Ashe,Braum
1,Sejuani,Gragas,Syndra,Xayah,Braum
1,Kled,Gragas,Galio,KogMaw,Thresh
1,Camille,Gragas,Galio,Varus,Brand
1,Shen,Elise,Syndra,Xayah,Leona
1,JarvanIV,Khazix,Galio,Ashe,Brand
1,JarvanIV,Gragas,Orianna,Varus,Braum
1,JarvanIV,Khazix,Orianna,Ashe,Zyra
1,Kled,LeeSin,Orianna,Xayah,Braum
1,Gragas,Khazix,Orianna,Caitlyn,Thresh
1,JarvanIV,Elise,Taliyah,KogMaw,Galio
1,Kled,Elise,Karma,Kalista,Thresh
1,Fiora,Zac,Syndra,Varus,Braum
1,JarvanIV,Elise,Taliyah,Ashe,Zyra
1,Kled,Elise,Ahri,Varus,Thresh
1,Kennen,Graves,Kassadin,Caitlyn,Braum
1,JarvanIV,Rengar,Taliyah,Kalista,Thresh
1,Rumble,LeeSin,Karma,Ashe,Braum
1,JarvanIV,Khazix,Galio,Kalista,Thresh
1,Jayce,Gragas,Leblanc,Kalista,Thresh
1,JarvanIV,LeeSin,Viktor,Kalista,Braum
1,JarvanIV,Zac,Orianna,Xayah,Rakan
1,Kled,Elise,Orianna,Ashe,TahmKench
1,Renekton,Gragas,Galio,Varus,Thresh
1,Renekton,Zac,Leblanc,Caitlyn,Braum
1,Kennen,Gragas,Syndra,Caitlyn,Braum
1,Renekton,Khazix,Karma,Caitlyn,Thresh
1,Poppy,Gragas,Taliyah,Varus,Thresh
1,JarvanIV,Zac,Ekko,Caitlyn,Braum
1,Jax,LeeSin,Orianna,Caitlyn,Bard
1,Renekton,LeeSin,Orianna,Caitlyn,Galio
1,Camille,Gragas,Malzahar,Kalista,Thresh
1,Rumble,RekSai,Corki,Xayah,Thresh
1,Renekton,Gragas,Galio,KogMaw,Braum
1,JarvanIV,Gragas,Corki,Kalista,Braum
1,Rumble,RekSai,Orianna,Kalista,Braum
1,Renekton,Gragas,Cassiopeia,Caitlyn,Thresh
1,Galio,RekSai,Corki,Tristana,Thresh
1,Fiora,Gragas,Galio,Varus,Thresh
1,JarvanIV,Zac,Corki,Tristana,Lulu
1,Kled,RekSai,Cassiopeia,Jhin,Thresh
1,Kled,Zac,Taliyah,Kalista,Brand
1,Camille,Gragas,Taliyah,Ashe,Rakan
1,JarvanIV,Maokai,Orianna,Kalista,Braum
1,Jayce,Gragas,Corki,Jhin,Trundle
1,JarvanIV,Gragas,Corki,Caitlyn,Braum
1,Gnar,Gragas,Syndra,Kalista,Blitzcrank
1,Camille,Elise,Corki,Jhin,Braum
1,JarvanIV,Sejuani,Corki,Jinx,Braum
1,Poppy,Elise,Kassadin,Tristana,Thresh
1,Shen,RekSai,Taliyah,Tristana,Thresh
1,Rumble,Zac,Orianna,Jhin,Braum
1,Rumble,RekSai,Corki,Kalista,Braum
1,Rumble,Chogath,Kassadin,Kalista,Blitzcrank
1,Gnar,Chogath,Corki,Caitlyn,Blitzcrank
1,Camille,Zac,Taliyah,Tristana,Alistar
1,Jax,Zac,Corki,Varus,Thresh
1,Camille,JarvanIV,Galio,Tristana,Taric
1,Maokai,Elise,Cassiopeia,Kalista,Rakan
1,Jax,Gragas,Malzahar,Kalista,Rakan
1,Shen,Chogath,Kassadin,KogMaw,Janna
1,Renekton,JarvanIV,Corki,Kalista,Zyra
1,Jax,JarvanIV,Cassiopeia,Xayah,Rakan
1,Chogath,RekSai,Leblanc,Xayah,Alistar
1,Chogath,Zac,Corki,Caitlyn,Trundle
1,Camille,JarvanIV,Orianna,Kalista,Kennen
1,Rumble,Maokai,Jayce,Kalista,Blitzcrank
1,Jax,Sejuani,Galio,Caitlyn,Braum
1,Chogath,RekSai,Taliyah,Kalista,Gragas
1,Kled,Gragas,Malzahar,Kalista,Blitzcrank
1,Renekton,Elise,Taliyah,Varus,Braum
1,Kled,Maokai,Karthus,Jhin,Thresh
1,Maokai,Khazix,Corki,Tristana,Alistar
1,Rumble,JarvanIV,Jayce,Ashe,Thresh
1,Chogath,Khazix,Viktor,Xayah,Blitzcrank
1,Chogath,RekSai,Taliyah,Varus,Zyra
1,Yasuo,Gragas,Orianna,Kalista,Braum
1,Maokai,JarvanIV,Ziggs,Tristana,Alistar
1,Gnar,Gragas,Orianna,Kalista,Braum
1,Chogath,Zac,Taliyah,Xayah,Alistar
1,Gnar,Gragas,Malzahar,Kalista,Braum
1,Gnar,Chogath,Cassiopeia,Varus,Thresh
1,Rumble,Gragas,Jayce,Tristana,Rakan
1,Maokai,Sejuani,Corki,Ashe,Rakan
1,Rumble,Sejuani,Jayce,Tristana,Braum
1,Camille,Gragas,Syndra,Kalista,Thresh
1,Camille,Gragas,Malzahar,Tristana,Rakan
1,Shen,Gragas,Ziggs,Varus,Braum
1,Kennen,Zac,Velkoz,Xayah,Rakan
1,Shen,JarvanIV,Malzahar,Twitch,Rakan
1,Renekton,Sejuani,Kassadin,Tristana,Janna
1,Maokai,LeeSin,Xerath,Jhin,MissFortune
1,Illaoi,LeeSin,Cassiopeia,Ashe,Zyra
1,Camille,Elise,Syndra,Ezreal,Karma
1,Singed,Khazix,Jayce,Ziggs,Malzahar
1,Maokai,Khazix,Corki,Jhin,Karma
1,Maokai,Khazix,Cassiopeia,Ezreal,Karma
1,Maokai,Graves,Syndra,Jhin,Malzahar
1,Nautilus,RekSai,Orianna,Ezreal,Malzahar
1,Camille,Elise,Katarina,Jhin,Zyra
1,Maokai,Ivern,Ryze,Varus,Zyra
1,Renekton,Olaf,Malzahar,Jhin,Karma
1,Illaoi,LeeSin,Jayce,Varus,Malzahar
1,Jayce,Elise,Ekko,Varus,Karma
1,Poppy,RekSai,Syndra,Varus,Malzahar
1,Shen,Olaf,Cassiopeia,Varus,Zyra
1,Shen,Ivern,Ryze,Varus,Malzahar
1,Maokai,Rengar,Jayce,Jhin,Malzahar
1,Darius,Rengar,Zed,Ashe,Karma
1,Maokai,Graves,Jayce,Ezreal,Karma
1,Poppy,Graves,Ryze,Jhin,Nami
1,Maokai,Khazix,AurelionSol,Varus,Karma
1,Rumble,RekSai,Camille,Jhin,Karma
1,Rumble,Rengar,AurelionSol,Varus,Thresh
1,Ekko,Rengar,Syndra,Ziggs,TahmKench
1,Nautilus,Elise,Ahri,Varus,Thresh
1,Camille,LeeSin,Syndra,Ashe,Malzahar
1,Nautilus,Khazix,Jayce,Jhin,Lulu
1,Poppy,Gragas,Cassiopeia,Ashe,Karma
1,Nautilus,Rengar,Jayce,Ezreal,Karma
1,Renekton,Rengar,Ahri,Ezreal,Zyra
1,Gragas,Graves,Ahri,Varus,Karma
1,Nautilus,Rengar,Ekko,Varus,Lulu
1,Shen,Khazix,Ahri,Ashe,Nami
1,Gragas,Zac,Syndra,Jinx,TahmKench
1,Rumble,Zac,Leblanc,Lucian,Braum
1,Galio,Khazix,Cassiopeia,Xayah,Lulu
1,Sejuani,Olaf,Orianna,Lucian,Lulu
1,Kennen,Graves,Syndra,Lucian,Rakan
1,Renekton,Olaf,Ahri,Lucian,Braum
1,Rumble,Khazix,Syndra,Jhin,Braum
1,JarvanIV,Ivern,Syndra,Caitlyn,Karma
1,Shen,Khazix,Syndra,Kalista,Thresh
1,Gragas,Khazix,Syndra,Varus,Shen
1,Fiora,LeeSin,Galio,Kalista,Thresh
1,JarvanIV,Khazix,Syndra,Varus,Trundle
1,JarvanIV,Khazix,Syndra,Varus,Braum
1,JarvanIV,Olaf,AurelionSol,Caitlyn,Braum
1,JarvanIV,Gragas,Corki,Kalista,Shen
1,Camille,Olaf,Syndra,Varus,Braum
1,Kled,Elise,Syndra,Varus,Braum
1,Riven,Elise,Galio,Varus,Braum
1,Fiora,Elise,Syndra,Ashe,Braum
1,Rumble,Khazix,Malzahar,Caitlyn,Thresh
1,Galio,Gragas,Syndra,Ashe,Rakan
1,JarvanIV,Khazix,Syndra,KogMaw,Trundle
1,JarvanIV,Zac,Cassiopeia,Varus,Trundle
1,Fiora,Khazix,Syndra,Xayah,Shen
1,Shen,Zac,Taliyah,KogMaw,TahmKench
1,JarvanIV,Zac,Corki,Xayah,Thresh
1,Galio,Zac,Taliyah,Tristana,Trundle
1,Poppy,Sejuani,Cassiopeia,Jhin,Alistar
1,Renekton,Zac,Syndra,Varus,Braum
1,Camille,Elise,Orianna,Xayah,Rakan
1,Renekton,JarvanIV,Galio,Xayah,Taric
1,JarvanIV,Sejuani,Syndra,Xayah,Rakan
1,Shen,Olaf,Corki,Tristana,Alistar
1,JarvanIV,RekSai,Taliyah,Twitch,Braum
1,Poppy,Olaf,Cassiopeia,Varus,Blitzcrank
1,DrMundo,Sejuani,Corki,Tristana,Janna
1,Trundle,Gragas,Orianna,Tristana,Janna
1,DrMundo,Sejuani,Orianna,Twitch,Braum
1,Jayce,Elise,Leblanc,Varus,MissFortune
1,Nautilus,Rengar,Syndra,Varus,Nami
1,Nautilus,LeeSin,Ryze,Ashe,MissFortune
1,Fiora,Elise,Orianna,Jhin,Malzahar
1,Nautilus,LeeSin,Orianna,Ashe,MissFortune
1,Trundle,Khazix,Ryze,Caitlyn,Malzahar
1,Sion,Olaf,Orianna,Ashe,Malzahar
1,Camille,Olaf,Syndra,Varus,TahmKench
1,Camille,Ivern,Corki,Caitlyn,Zyra
1,Shen,LeeSin,Corki,Ashe,Malzahar
1,Trundle,Olaf,Orianna,Ezreal,Malzahar
1,Maokai,Khazix,Ryze,Ashe,Zyra
1,Shen,Camille,Ahri,Varus,Malzahar
1,Nautilus,LeeSin,Syndra,Ashe,Zyra
1,Irelia,Rengar,Taliyah,Jhin,Malzahar
1,Shen,Elise,Jayce,Varus,Karma
1,Maokai,Khazix,Ryze,Varus,Taric
1,Camille,Khazix,Orianna,Jhin,Malzahar
1,Poppy,Ivern,Corki,Caitlyn,Malzahar
1,Nautilus,RekSai,Leblanc,Jhin,Karma
1,Jayce,Elise,Cassiopeia,Varus,Karma
1,Shen,Graves,Corki,Jhin,Malzahar
1,Maokai,LeeSin,Corki,Varus,Zyra
1,Jayce,LeeSin,Orianna,Ashe,Karma
1,Shen,RekSai,Leblanc,Sivir,Nami
1,Shen,Warwick,Ziggs,Varus,Zyra
1,Rumble,Graves,Corki,Varus,Lulu
1,Maokai,Ivern,Corki,Caitlyn,Malzahar
1,Camille,Ivern,Ryze,Caitlyn,Karma
1,Maokai,Rengar,Orianna,Varus,TahmKench
1,Maokai,Elise,Jayce,Varus,Karma
1,Shen,Graves,Ekko,Varus,Leona
1,Nautilus,Rengar,Syndra,Sivir,Nami
1,Maokai,Graves,Orianna,Jhin,Nami
1,Nautilus,Rengar,Azir,Varus,Lulu
1,Shen,Evelynn,Corki,Kalista,Braum
1,Poppy,Khazix,Taliyah,Jhin,Karma
1,Nautilus,Graves,Cassiopeia,Sivir,Karma
1,Rumble,Elise,Jayce,Varus,Braum
1,Maokai,Rengar,Cassiopeia,Jhin,Karma
1,Poppy,Ivern,Ryze,Ashe,Thresh
1,Shen,Elise,Taliyah,Kalista,Blitzcrank
1,Rumble,LeeSin,Syndra,Caitlyn,TahmKench
1,Camille,Khazix,Orianna,Varus,Lulu
1,Rumble,Elise,Jayce,Jhin,TahmKench
1,Camille,Elise,Ekko,Ezreal,Karma
1,Gangplank,Khazix,Syndra,Ashe,TahmKench
1,Camille,Graves,Syndra,Ezreal,Lulu
1,Shen,Elise,Syndra,Ashe,Karma
1,Renekton,Rengar,Syndra,Caitlyn,Nami
1,Poppy,Graves,Syndra,Tristana,Karma
1,Nautilus,Graves,Ryze,Tristana,Thresh
1,Camille,Graves,Ahri,Ezreal,Lulu
1,Renekton,Gragas,Ahri,Ashe,Lulu
1,Shen,Graves,Ryze,Kalista,Braum
1,Renekton,Elise,Syndra,Ashe,Lulu
1,Kled,LeeSin,Ryze,Kalista,Lulu
1,Camille,Rengar,Syndra,Caitlyn,Karma
1,Nautilus,Graves,Ekko,Tristana,Karma
1,Irelia,Khazix,Syndra,Varus,Braum
1,Gangplank,Ekko,Yasuo,Alistar,Kalista
1,Shen,Rengar,Cassiopeia,KogMaw,Lulu
1,Shen,Graves,Leblanc,Caitlyn,Malzahar
1,Kennen,Graves,Taliyah,Caitlyn,Malzahar
1,Camille,Graves,Syndra,Ashe,TahmKench
1,Gnar,Elise,Ahri,Ezreal,Lulu
1,Nautilus,Rengar,Syndra,Ezreal,Lulu
1,Renekton,Graves,Taliyah,Lucian,TahmKench
1,Rumble,LeeSin,Ahri,Ezreal,Lulu
1,Fiora,Graves,Orianna,Lucian,Malzahar
1,Renekton,Zac,Orianna,Lucian,Malzahar
1,Shen,Rengar,Taliyah,Lucian,Malzahar
1,Trundle,Graves,Leblanc,Caitlyn,Thresh
1,Camille,Graves,Taliyah,Ashe,Karma
1,Nautilus,Ivern,Orianna,Lucian,Lulu
1,Shen,Rengar,Ahri,Ashe,Nami
1,Maokai,Ivern,Ahri,Varus,Lulu
1,Rumble,Elise,Cassiopeia,Ashe,Zyra
1,Kennen,Elise,Talon,Twitch,Braum
1,Galio,Gragas,Ahri,Varus,Zyra
1,Kennen,Elise,Taliyah,Caitlyn,Lulu
1,Gragas,Zac,Orianna,Varus,Nautilus
1,Shen,Olaf,Orianna,Varus,Zyra
1,Kled,Gragas,Orianna,Draven,Thresh
1,JarvanIV,Elise,Orianna,Ashe,Braum
1,Gragas,Khazix,Syndra,Ashe,Rakan
1,Rumble,Zac,Jayce,Xayah,Nautilus
1,JarvanIV,LeeSin,Taliyah,Caitlyn,Thresh
1,Shen,Elise,Cassiopeia,Caitlyn,Lux
1,Lucian,Zac,Orianna,Caitlyn,Karma
1,Renekton,Elise,Orianna,Twitch,Lulu
1,Rumble,Graves,Leblanc,Ashe,Thresh
1,Gragas,Khazix,Leblanc,Xayah,Rakan
1,Fiora,Khazix,Malzahar,Varus,Bard
1,Kennen,LeeSin,Fizz,Ashe,Zyra
1,JarvanIV,Gragas,Ahri,Caitlyn,Thresh
1,Renekton,Zac,Orianna,Twitch,Thresh
1,Gragas,Khazix,Ahri,Ashe,Karma
1,Shen,Gragas,Azir,Kalista,Blitzcrank
1,Shen,Olaf,Leblanc,Xayah,Rakan
1,Fiora,Olaf,Taliyah,Kennen,Karma
1,Renekton,Gragas,Orianna,Xayah,Zyra
1,Shen,Gragas,Orianna,Caitlyn,Lux
1,Camille,LeeSin,Galio,Tristana,Lulu
1,Shen,LeeSin,Viktor,Caitlyn,Thresh
1,Fiora,Olaf,AurelionSol,Varus,Thresh
1,Sejuani,Olaf,Galio,Varus,Lulu
1,JarvanIV,Elise,Taliyah,Kalista,Thresh
1,Sejuani,JarvanIV,Orianna,Varus,Lux
1,Renekton,Gragas,Ekko,Xayah,Rakan
1,Camille,Elise,Orianna,Caitlyn,Zyra
1,Rumble,JarvanIV,Galio,Caitlyn,TahmKench
1,Renekton,Olaf,Orianna,Ashe,Thresh
1,Shen,RekSai,Cassiopeia,Caitlyn,Braum
1,Rumble,RekSai,Syndra,Jhin,Karma
1,Camille,LeeSin,Taliyah,Caitlyn,Blitzcrank
1,Shen,JarvanIV,Orianna,KogMaw,Camille
1,Shen,Elise,Taliyah,Ashe,Braum
1,JarvanIV,RekSai,Orianna,Jhin,Rakan
1,Jax,RekSai,Syndra,Caitlyn,Braum
1,Renekton,Elise,Lulu,Tristana,Morgana
1,Rumble,Elise,Jayce,Jhin,Janna
1,Shen,Sejuani,Taliyah,Caitlyn,TahmKench
1,JarvanIV,Sejuani,Taliyah,Xayah,Zyra
1,Gnar,Gragas,Orianna,Tristana,TahmKench
1,JarvanIV,Olaf,Taliyah,Tristana,Thresh
1,Shen,RekSai,Taliyah,Draven,Morgana
1,Jayce,Sejuani,Taliyah,Xayah,Karma
1,Shen,JarvanIV,Orianna,Tristana,Thresh
1,Gnar,Elise,Lulu,KogMaw,Taric
1,Camille,RekSai,Syndra,Tristana,Thresh
1,JarvanIV,Gragas,Taliyah,Kalista,Morgana
1,Shen,Sejuani,Corki,KogMaw,Thresh
1,Shen,Zac,Talon,Tristana,Bard
1,Rumble,RekSai,Quinn,KogMaw,Janna
1,Gnar,Zac,Taliyah,Ashe,Taric
1,JarvanIV,Sejuani,AurelionSol,Kalista,Braum
1,Trundle,Maokai,Taliyah,Tristana,Thresh
1,Rumble,Sejuani,Jayce,Tristana,Braum
1,Jayce,Gragas,Taliyah,Varus,Braum
1,Camille,Elise,Taliyah,Tristana,Braum
1,Kled,Chogath,Orianna,Caitlyn,Alistar
1,JarvanIV,Gragas,Corki,Kalista,Thresh
1,Renekton,Elise,Taliyah,Xayah,Braum
1,Akali,Zac,Taliyah,Xayah,Thresh
1,Jax,Chogath,Orianna,Sivir,Alistar
1,Gnar,Sejuani,Orianna,Tristana,Alistar
1,JarvanIV,Gragas,Syndra,Caitlyn,Morgana
1,Maokai,Gragas,Cassiopeia,Caitlyn,Thresh
1,Chogath,Sejuani,Cassiopeia,Caitlyn,Bard
1,Chogath,JarvanIV,Lulu,Tristana,Janna
1,JarvanIV,Maokai,Karma,Caitlyn,Bard
1,Renekton,Zac,Ekko,KogMaw,Janna
1,Rumble,RekSai,Jayce,KogMaw,Alistar
1,Gnar,Gragas,Leblanc,KogMaw,Janna
1,Chogath,Gragas,Orianna,Tristana,Lulu
1,Gnar,Gragas,Taliyah,Jhin,Morgana
1,Rumble,Zac,Lucian,Xayah,Rakan
1,Gnar,Gragas,Orianna,Xayah,Rakan
1,Chogath,Gragas,AurelionSol,Tristana,Rakan
1,Chogath,Gragas,Taliyah,Tristana,Morgana
1,Poppy,RekSai,Ryze,Ashe,TahmKench
1,Nautilus,Ivern,Ryze,Ezreal,Zyra
1,Shen,Rengar,Cassiopeia,Jhin,MissFortune
1,Poppy,Rengar,Orianna,Ashe,TahmKench
1,Jayce,Ivern,Ekko,Jhin,MissFortune
1,Maokai,Ivern,Corki,Jhin,Malzahar
1,Maokai,Elise,Syndra,Jhin,Malzahar
1,Kennen,Elise,Corki,Jhin,Zyra
1,Camille,Khazix,Orianna,Varus,Zyra
1,Maokai,Elise,Corki,Jhin,Zyra
1,Maokai,Elise,Jayce,Jhin,Velkoz
1,Maokai,LeeSin,Jayce,Varus,Malzahar
1,Maokai,Elise,Malzahar,Varus,Thresh
1,Maokai,Khazix,Syndra,Varus,Karma
1,Jayce,Khazix,Katarina,Jhin,Karma
1,Maokai,Graves,Ryze,Jhin,Zyra
1,Maokai,Olaf,Syndra,Jhin,Karma
1,Maokai,Khazix,Ryze,Jhin,Thresh
1,Shen,Ivern,Jayce,Lucian,Braum
1,Poppy,Elise,Malzahar,Jhin,Velkoz
1,Talon,Elise,Jayce,Quinn,Bard
1,Jayce,Graves,Ryze,Varus,Malzahar
1,Shen,Ivern,Zed,Varus,Zyra
1,Maokai,Rengar,Corki,Jhin,Bard
1,Nautilus,Ivern,Talon,Sivir,Nami
1,Renekton,Elise,Orianna,Ashe,Zyra
1,Nautilus,Khazix,Syndra,Jhin,Malzahar
1,Ekko,LeeSin,Ryze,KogMaw,Lulu
1,Nautilus,Elise,Jayce,Varus,Malzahar
1,Camille,Rengar,Viktor,Lucian,Braum
1,Rumble,Graves,Jayce,Ashe,Malzahar
1,Gnar,Rengar,Orianna,Ezreal,Nami
1,Rumble,Ivern,Zed,Ezreal,Lulu
1,Camille,Graves,Ahri,Ezreal,Nami
1,Nautilus,LeeSin,Jayce,Ezreal,Karma
1,Renekton,LeeSin,Ekko,Varus,Lulu
1,Nautilus,Graves,Ekko,Ashe,Zyra
1,Camille,Rengar,Ahri,Sivir,Karma
1,Renekton,Rengar,Orianna,Ezreal,Nami
1,Poppy,Elise,Leblanc,Caitlyn,Lulu
1,Nautilus,LeeSin,Jhin,Caitlyn,Lulu
1,Kled,LeeSin,Viktor,Ashe,Lulu
1,Shen,Rengar,Orianna,Ezreal,Nami
1,Gragas,Rengar,Orianna,Varus,Karma
1,Camille,Khazix,Vladimir,Lucian,Braum
1,Rumble,Khazix,Vladimir,Ashe,Zyra
1,Shen,Graves,Ahri,Lucian,Karma
1,Camille,Elise,Syndra,Ezreal,Lulu
1,Rumble,Rengar,Orianna,Ashe,Lulu
1,Rumble,Graves,Orianna,Varus,Karma
1,Fizz,Graves,Taliyah,Lucian,Braum
1,Nautilus,Ivern,Taliyah,Ashe,Lulu
1,Fizz,Gragas,Viktor,Ezreal,Nami
1,Renekton,Elise,Syndra,Caitlyn,Zyra
1,Poppy,Khazix,Viktor,Ashe,Zyra
1,Fizz,LeeSin,Viktor,Ashe,Trundle
1,Rumble,LeeSin,Orianna,Lucian,Trundle
1,Gragas,Ivern,Talon,Varus,Lulu
1,Poppy,Graves,Syndra,Lucian,Nautilus
1,Gragas,Graves,Vladimir,Varus,Braum
1,Rumble,Elise,Cassiopeia,Xayah,Thresh
1,JarvanIV,Gragas,Vladimir,Ashe,Zyra
1,Galio,Elise,Syndra,Varus,Zac
1,JarvanIV,LeeSin,Vladimir,Ashe,Nami
1,Gragas,Elise,Orianna,Varus,TahmKench
1,Rumble,Nunu,Fiora,Xayah,Braum
1,Galio,Zac,Taliyah,Varus,Zyra
1,JarvanIV,LeeSin,Orianna,Xayah,Rakan
1,Galio,Khazix,Ekko,Ashe,Karma
1,Lucian,Elise,Lulu,Jhin,Thresh
1,JarvanIV,Nunu,Karma,Varus,Taric
1,Renekton,Zac,Taliyah,Caitlyn,Thresh
1,Kassadin,Nunu,Karma,Varus,Blitzcrank
1,Kled,Gragas,Taliyah,Caitlyn,Lulu
1,Gragas,Khazix,Taliyah,Ashe,Thresh
1,Galio,Olaf,Taliyah,Jhin,TahmKench
1,Renekton,LeeSin,Cassiopeia,Caitlyn,Thresh
1,Renekton,RekSai,Kassadin,Caitlyn,Karma
1,Gnar,Gragas,Kassadin,Tristana,Thresh
1,Camille,Gragas,Corki,Jhin,Zyra
1,Kled,Elise,Cassiopeia,Kalista,Alistar
1,Gragas,RekSai,Cassiopeia,Xayah,Rakan
1,Kennen,Gragas,Viktor,Jhin,Galio
1,Jax,Gragas,Galio,Varus,Rakan
1,Camille,Gragas,Cassiopeia,Xayah,Rakan
1,Jax,Zac,Kassadin,Ashe,Alistar
1,JarvanIV,Zac,Orianna,Kalista,Taric
1,Chogath,Maokai,Kassadin,Xayah,Bard
1,Gragas,Sejuani,Syndra,Caitlyn,Janna
1,JarvanIV,Maokai,Vladimir,Xayah,Rakan
1,Gragas,RekSai,Cassiopeia,Xayah,Alistar
1,Maokai,JarvanIV,Leblanc,Xayah,Rakan
1,Camille,RekSai,Karma,Tristana,Galio
1,Renekton,Khazix,Ahri,Varus,Thresh
1,Gnar,Zac,Karma,Tristana,Braum
1,Renekton,Elise,Taliyah,Caitlyn,Janna
1,Gragas,Maokai,Orianna,Tristana,Braum
1,Gnar,Zac,Corki,Sivir,Braum
1,JarvanIV,Maokai,Orianna,Tristana,Bard
1,Shen,Elise,Syndra,Xayah,Nautilus
1,Galio,Zac,Taliyah,Xayah,Rakan
1,JarvanIV,Zac,Corki,Xayah,Braum
1,JarvanIV,Maokai,Galio,KogMaw,Lulu
1,Renekton,Maokai,Taliyah,Kalista,Alistar
1,Kled,Sejuani,Corki,Kalista,Braum
1,Jayce,Elise,Taliyah,Caitlyn,Alistar
1,Kled,Sejuani,Taliyah,Kalista,Thresh
1,JarvanIV,Maokai,Syndra,Xayah,Rakan
1,JarvanIV,Zac,Orianna,Kalista,Thresh
1,Rumble,RekSai,Zed,Kalista,Braum
1,Gnar,Maokai,Corki,Tristana,Thresh
1,Gnar,Elise,Taliyah,Caitlyn,Blitzcrank
1,Trundle,Gragas,Syndra,Kalista,Rakan
1,JarvanIV,Sejuani,Kassadin,Xayah,Braum
1,Jayce,RekSai,Cassiopeia,Varus,Thresh
1,Jax,Maokai,Corki,Kalista,Alistar
1,Rumble,Sejuani,Galio,Xayah,Rakan
1,Chogath,Sejuani,Cassiopeia,Kalista,Rakan
1,Chogath,Sejuani,Cassiopeia,Varus,Morgana
1,Gnar,Gragas,Syndra,Varus,Blitzcrank
1,Jax,JarvanIV,Viktor,Kalista,Thresh
1,Kled,LeeSin,Orianna,Varus,Nami
1,Nautilus,Khazix,Ryze,Varus,Karma
1,Darius,RekSai,Katarina,Ashe,Zyra
1,Jayce,RekSai,Ryze,Varus,Lulu
1,Zac,Khazix,Orianna,Varus,Malzahar
1,Darius,Khazix,Taliyah,Varus,Karma
1,Jayce,Olaf,Cassiopeia,Varus,Taric
1,Jayce,RekSai,Syndra,Ashe,Lulu
1,Nautilus,Elise,Corki,Varus,Karma
1,Jayce,LeeSin,Ryze,Caitlyn,Thresh
1,Shen,LeeSin,Corki,Varus,Taric
1,Shen,Khazix,Cassiopeia,Varus,Thresh
1,Shen,RekSai,Leblanc,Ezreal,Karma
1,Camille,Ivern,Ekko,Ashe,Nami
1,Kled,Khazix,Ryze,Varus,Nami
1,Nautilus,Khazix,Cassiopeia,Jhin,Thresh
1,Maokai,Graves,Ekko,Jhin,Taric
1,Nautilus,Ivern,Corki,Varus,Karma
1,Camille,RekSai,Orianna,Caitlyn,Zyra
1,Rumble,Rengar,Cassiopeia,Varus,Nami
1,Rumble,LeeSin,Ryze,Varus,Nautilus
1,Jax,Rengar,Leblanc,Ashe,Nami
1,Rumble,Graves,Ryze,Jhin,Karma
1,Shen,Graves,Ekko,Caitlyn,Zyra
1,Renekton,Ivern,Azir,Caitlyn,Lulu
1,Rumble,Elise,Jayce,Ezreal,Karma
1,Camille,Elise,Cassiopeia,Caitlyn,Lulu
1,Nautilus,Graves,Syndra,Caitlyn,TahmKench
1,Rumble,Rengar,Cassiopeia,Varus,Thresh
1,Gragas,Graves,Ahri,Caitlyn,Thresh
1,Nautilus,Khazix,Ahri,Lucian,Lulu
1,Rumble,LeeSin,Talon,Caitlyn,Lulu
1,Nautilus,Rengar,Cassiopeia,Lucian,Nami
1,Gnar,Elise,Ahri,Lucian,Lulu
1,Shen,Rengar,Vladimir,Lucian,Zyra
1,Camille,Rengar,Kassadin,Ezreal,Karma
1,Poppy,Rengar,Orianna,Lucian,Karma
1,Kennen,Elise,Syndra,Varus,Lulu
1,Gragas,Elise,Zed,Caitlyn,Rakan
1,Galio,Elise,Lucian,Varus,TahmKench
1,Galio,Elise,Ahri,Caitlyn,Zyra
1,Renekton,Khazix,Lucian,Ashe,Karma
1,Shen,Elise,Taliyah,Caitlyn,Thresh
1,Shen,Zac,Lucian,Jhin,Zyra
1,Rumble,Elise,Lucian,Xayah,Braum
1,Jayce,Elise,Fizz,Tristana,TahmKench
1,Kled,Elise,Cassiopeia,Ashe,Zyra
1,Renekton,Gragas,Galio,Caitlyn,Braum
1,Shen,Graves,Orianna,Caitlyn,Braum
1,Rumble,LeeSin,Cassiopeia,Ashe,Bard
1,Kennen,Graves,Taliyah,Caitlyn,Zyra
1,Galio,Graves,Leblanc,Caitlyn,Zyra
1,Rumble,Gragas,Orianna,Xayah,Zyra
1,Shen,Elise,Taliyah,Varus,TahmKench
1,Lucian,Gragas,Cassiopeia,Varus,Blitzcrank
1,Galio,Graves,Syndra,Xayah,Zyra
1,Lucian,Graves,Cassiopeia,Ashe,Zyra
1,Shen,LeeSin,Orianna,Varus,Camille
1,Shen,RekSai,Orianna,Caitlyn,Braum
1,Shen,RekSai,Leblanc,Caitlyn,Bard
1,Renekton,Graves,Corki,Caitlyn,Zyra
1,Gnar,LeeSin,Corki,Varus,Bard
1,Galio,Graves,Cassiopeia,Ashe,Taric
1,Kennen,LeeSin,Orianna,Caitlyn,Braum
1,Kennen,LeeSin,Viktor,Caitlyn,Braum
1,Galio,Nidalee,Orianna,Caitlyn,Braum
1,Cassiopeia,JarvanIV,Galio,KogMaw,Morgana
1,Shen,Gragas,Syndra,Tristana,Thresh
1,Renekton,Gragas,Orianna,Varus,Bard
1,Cassiopeia,JarvanIV,Galio,Xayah,Bard
1,Shen,Khazix,Galio,Xayah,Thresh
1,Fiora,LeeSin,Taliyah,Caitlyn,Braum
1,Kled,Chogath,Taliyah,KogMaw,Braum
1,Gragas,Sejuani,Orianna,Jhin,Taric
1,Jayce,Sejuani,Corki,Xayah,Taric
1,Renekton,Elise,Katarina,Jhin,Karma
1,JarvanIV,Sejuani,Taliyah,Tristana,Braum
1,Gnar,Maokai,Orianna,Varus,Blitzcrank
1,Shen,Gragas,Leblanc,Xayah,Trundle
1,Maokai,Gragas,Syndra,Xayah,Thresh
1,Jayce,Elise,Cassiopeia,Varus,Thresh
1,Maokai,Elise,Syndra,Tristana,Thresh
1,Shen,Gragas,Galio,Caitlyn,Braum
1,Shen,Sejuani,Taliyah,Caitlyn,Lulu
1,Gnar,Maokai,Taliyah,Varus,Alistar
1,Maokai,RekSai,Orianna,Varus,Karma
1,Poppy,Ivern,Ryze,Varus,Zyra
1,Fiora,Olaf,Taliyah,Ezreal,Thresh
1,Fiora,RekSai,Ryze,Varus,Malzahar
1,Maokai,Khazix,Ryze,Caitlyn,Nami
1,Rumble,Ivern,Ryze,Caitlyn,Karma
1,Poppy,Zac,Corki,Caitlyn,Malzahar
1,Poppy,LeeSin,Ryze,Caitlyn,Karma
1,Camille,LeeSin,Cassiopeia,Jhin,Malzahar
1,Rumble,Rengar,Leblanc,Varus,Zyra
1,Rumble,RekSai,Corki,Ashe,Leona
1,Camille,Ivern,Syndra,Varus,Karma
1,Darius,Elise,Syndra,Ashe,Malzahar
1,Camille,Elise,Orianna,Caitlyn,Thresh
1,Rumble,Khazix,Zed,Varus,Karma
1,Camille,Elise,Corki,Jhin,Malzahar
1,Maokai,RekSai,Corki,Jhin,Karma
1,Nautilus,Khazix,Ekko,Ashe,Zyra
1,Maokai,LeeSin,Syndra,Ashe,Nami
1,Trundle,Khazix,Orianna,Jhin,MissFortune
1,Maokai,Khazix,Corki,Ashe,Thresh
1,Nautilus,RekSai,Leblanc,Jhin,Zyra
1,Fiora,Rengar,Talon,Ziggs,Zyra
1,Maokai,Rengar,Orianna,Jhin,Karma
1,Jayce,Ivern,Syndra,Jhin,Malzahar
1,Maokai,Khazix,Zed,Varus,Nami
1,Fiora,Rengar,Corki,Ashe,Zyra
1,Shen,Elise,Corki,Jhin,Karma
1,Camille,LeeSin,Corki,Ziggs,Janna
1,Jayce,Rengar,Syndra,Jhin,Karma
1,Nautilus,Khazix,Viktor,Varus,Karma
1,Maokai,Khazix,Cassiopeia,Jhin,Karma
1,Maokai,Ivern,Corki,Varus,Lulu
1,Maokai,Graves,Viktor,Jhin,Malzahar
1,Maokai,Khazix,Syndra,Ezreal,Karma
1,Fiora,Rengar,Ahri,Varus,Karma
1,Renekton,Rengar,Ryze,Sivir,Nami
1,Renekton,Khazix,Zed,Ashe,Malzahar
1,Camille,Elise,Ahri,Caitlyn,Janna
1,Camille,Elise,Ahri,Varus,Lulu
1,Camille,Khazix,Azir,Ashe,Lulu
1,Fiora,Graves,Viktor,Sivir,TahmKench
1,Renekton,Khazix,Ryze,Caitlyn,Lulu
1,Fiora,Rengar,Ekko,Ziggs,Braum
1,Gnar,Elise,Orianna,Varus,Lulu
1,Poppy,Rengar,Syndra,Jhin,Nami
1,Renekton,Khazix,Orianna,Caitlyn,Lulu
1,Poppy,Graves,Ahri,Ezreal,Lulu
1,Camille,Rengar,Leblanc,Ashe,Thresh
1,Camille,Gragas,Viktor,Ezreal,Nami
1,Shen,LeeSin,Leblanc,Sivir,Lulu
1,Camille,Khazix,Kassadin,Jhin,Malzahar
1,Renekton,Khazix,Ekko,Ezreal,Lulu
1,Shen,Graves,Viktor,Ezreal,Lulu
1,Swain,Shaco,Talon,Ashe,Karma
1,Camille,Rengar,Ahri,Ezreal,Lulu
1,Shen,Rengar,Viktor,Ezreal,TahmKench
1,Gragas,Rengar,Ryze,Varus,Malzahar
1,Camille,Rengar,Orianna,Vayne,Lulu
1,Renekton,Elise,Syndra,Varus,Lulu
1,Gragas,Khazix,Viktor,Lucian,Lulu
1,Shen,Rengar,Cassiopeia,Draven,Lulu
1,Camille,LeeSin,Ahri,Lucian,Karma
1,Gragas,Khazix,Viktor,Lucian,Nami
1,Vladimir,Rengar,Orianna,Varus,Nami
1,Kennen,Rengar,Ahri,Vayne,Nami
1,Camille,LeeSin,Ahri,Ashe,TahmKench
1,Kled,Elise,Vladimir,Caitlyn,Karma
1,Galio,Elise,Taliyah,Caitlyn,Karma
1,Shen,Elise,Leblanc,Ashe,Nami
1,Shen,Elise,Orianna,Caitlyn,Sona
1,Kennen,Ivern,Syndra,Varus,Braum
1,Kennen,Elise,Kassadin,Caitlyn,Thresh
1,Fiora,Zac,Orianna,Lucian,Karma
1,Galio,Gragas,Lucian,Caitlyn,Lulu
1,Shen,Elise,Ahri,KogMaw,Sona
1,Fiora,Rammus,Orianna,Varus,Lulu
1,Renekton,Elise,Taliyah,Twitch,Braum
1,Kled,LeeSin,Syndra,Varus,Thresh
1,Galio,Zac,Orianna,Tristana,Bard
1,Gnar,LeeSin,Taliyah,Xayah,Thresh
1,Galio,Elise,Lucian,Varus,TahmKench
1,Renekton,Gragas,Kassadin,Varus,Blitzcrank
1,Galio,Rengar,Ahri,Twitch,Thresh
1,JarvanIV,Gragas,Cassiopeia,Varus,Braum
1,Renekton,LeeSin,Syndra,Xayah,Braum
1,Renekton,Elise,Fizz,Varus,Thresh
1,JarvanIV,Elise,Syndra,Varus,TahmKench
1,Gnar,Gragas,Vladimir,Varus,Thresh
1,Kled,LeeSin,Syndra,Xayah,Thresh
1,Rumble,RekSai,JarvanIV,Xayah,Blitzcrank
1,Fiora,LeeSin,Syndra,Kennen,Zyra
1,Shen,LeeSin,Syndra,Tristana,Morgana
1,Shen,Elise,Leblanc,Jhin,Thresh
1,Gnar,RekSai,Kassadin,Kalista,Rakan
1,Gnar,RekSai,Taliyah,Tristana,Alistar
1,Gnar,RekSai,Vladimir,Kalista,TahmKench
1,Gnar,Gragas,Corki,Caitlyn,Rakan
1,Kled,LeeSin,Corki,Caitlyn,Thresh
1,Fiora,Gragas,Corki,Varus,Thresh
1,Camille,Gragas,Kassadin,Tristana,Thresh
1,Kled,Elise,Syndra,Kalista,Braum
1,Gnar,Elise,Vladimir,Varus,Blitzcrank
1,Gnar,Sejuani,Syndra,Xayah,Thresh
1,Gnar,Gragas,Syndra,Kalista,Rakan
1,Rumble,Maokai,Lucian,KogMaw,Trundle
1,Chogath,Sejuani,Corki,Tristana,Braum
1,Rumble,Maokai,Lucian,Tristana,Alistar
1,Shen,Gragas,Cassiopeia,Caitlyn,Trundle
1,Shen,Zac,Leblanc,Kalista,Braum
1,Shen,Maokai,Kassadin,Tristana,Braum
1,Renekton,Chogath,Corki,Varus,Braum
1,Poppy,Maokai,Syndra,Xayah,Rakan
1,Shen,Kayn,Galio,Kalista,Trundle
1,Camille,Sejuani,Taliyah,Caitlyn,Morgana
1,Rumble,JarvanIV,Lucian,Jhin,Thresh
1,Maokai,Elise,Lucian,Vayne,Alistar
1,Camille,Sejuani,Cassiopeia,Caitlyn,Alistar
1,Chogath,Kayn,Lux,Draven,Ashe
1,Shen,Elise,Corki,Kalista,Rakan
1,Rumble,JarvanIV,Lucian,Xayah,Thresh
1,Shen,Elise,Corki,Tristana,Morgana
1,Chogath,JarvanIV,Orianna,Tristana,Alistar
1,Galio,JarvanIV,Orianna,Tristana,Lulu
1,Gnar,JarvanIV,Taliyah,Kalista,Thresh
1,Chogath,JarvanIV,Syndra,Tristana,Braum
1,Gnar,JarvanIV,Corki,Kalista,Thresh
1,Maokai,JarvanIV,Galio,Xayah,Thresh
1,Camille,Zac,Galio,Xayah,Thresh
1,Poppy,Elise,Ziggs,Ashe,Thresh
1,Trundle,RekSai,Syndra,Varus,Zyra
1,Poppy,Olaf,Ryze,Varus,Malzahar
1,Camille,Khazix,Syndra,Caitlyn,MissFortune
1,Jayce,Rengar,Viktor,Jhin,TahmKench
1,Maokai,Khazix,Taliyah,Jhin,Zyra
1,Singed,Khazix,Cassiopeia,Ashe,Zyra
1,Gangplank,Khazix,Taliyah,Jhin,Zyra
1,Poppy,RekSai,Syndra,Jhin,Malzahar
1,Sion,Rengar,Syndra,Ezreal,Thresh
1,Poppy,Rengar,Syndra,Jhin,TahmKench
1,Gragas,Khazix,Taliyah,Ashe,Zyra
1,Nautilus,LeeSin,Syndra,Varus,Velkoz
1,Jayce,Khazix,Corki,Caitlyn,Karma
1,Maokai,Graves,Cassiopeia,Varus,Zyra
1,Poppy,Ivern,Syndra,Varus,MissFortune
1,Gragas,RekSai,Orianna,Varus,Thresh
1,Singed,Graves,Katarina,Jhin,Thresh
1,Poppy,Graves,Ryze,Ashe,MissFortune
1,Camille,Khazix,Ekko,Jhin,Braum
1,Maokai,Graves,Syndra,Ezreal,Malzahar
1,Camille,Nidalee,Talon,Ezreal,Thresh
1,Nautilus,Graves,Ahri,Jhin,Soraka
1,Gragas,Graves,Taliyah,Jhin,Nautilus
1,Shen,Graves,Katarina,Jhin,TahmKench
1,TahmKench,Khazix,Syndra,Ezreal,Karma
1,Singed,Olaf,Syndra,Ezreal,TahmKench
1,Fiora,Graves,Ryze,Jhin,Malzahar
1,Nautilus,Graves,Ahri,Sivir,Lulu
1,Rumble,Rengar,Cassiopeia,Varus,Nami
1,Poppy,Ivern,Syndra,Varus,Lulu
1,Sion,Graves,Orianna,Ashe,Nautilus
1,Sion,Graves,Orianna,Ashe,Nautilus
1,Kennen,Rengar,Syndra,Jhin,Lulu
1,Gragas,Rengar,Ahri,Ashe,Nautilus
1,Maokai,Graves,Syndra,Ezreal,Karma
1,Gragas,Elise,Velkoz,Vayne,Lulu
1,Camille,Khazix,Ahri,Varus,Malzahar
1,TahmKench,Elise,Syndra,Lucian,Lulu
1,TahmKench,LeeSin,Orianna,Jhin,Thresh
1,Nautilus,Elise,Syndra,Lucian,Janna
1,Maokai,Graves,Ahri,Varus,Lulu
1,Gragas,LeeSin,Karma,Varus,Zyra
1,Galio,LeeSin,Taliyah,Varus,Thresh
1,Gragas,LeeSin,Ahri,KogMaw,Lulu
1,Nautilus,LeeSin,Orianna,Ashe,Zyra
1,Fiora,Gragas,Cassiopeia,Kalista,Thresh
1,Galio,Rengar,Orianna,Caitlyn,Zyra
1,JarvanIV,Elise,Leblanc,Ashe,MissFortune
1,JarvanIV,Warwick,Cassiopeia,Ashe,Zyra
1,Renekton,Ivern,Leblanc,Ashe,TahmKench
1,Kled,Ivern,Galio,Varus,Braum
1,Kennen,Ivern,Cassiopeia,Caitlyn,TahmKench
1,JarvanIV,Elise,Syndra,Twitch,Thresh
1,Poppy,Elise,Taliyah,Caitlyn,Braum
1,Shen,Khazix,Orianna,Caitlyn,Braum
1,Gnar,Zac,Syndra,Ashe,Rakan
1,Renekton,LeeSin,Ziggs,Ashe,TahmKench
1,Poppy,Elise,Leblanc,Kalista,Thresh
1,Renekton,Elise,Anivia,Varus,Braum
1,Renekton,Khazix,Corki,Varus,Braum
1,Shen,Khazix,Taliyah,Caitlyn,Braum
1,Camille,Zac,Taliyah,Xayah,Lulu
1,Gragas,Zac,Taliyah,Tristana,Thresh
1,JarvanIV,Sejuani,Velkoz,Caitlyn,Braum
1,Shen,RekSai,Orianna,Caitlyn,Trundle
1,Chogath,Gragas,Ziggs,Xayah,Rakan
1,Maokai,Gragas,Viktor,KogMaw,Janna
1,Maokai,Warwick,Jayce,Tristana,Thresh
1,Shen,Gragas,Jayce,Tristana,Thresh
1,Chogath,Sejuani,Ziggs,Tristana,Rakan
1,Chogath,JarvanIV,Galio,Xayah,Rakan
1,Maokai,RekSai,Orianna,Tristana,Braum
1,Chogath,Khazix,Taliyah,Xayah,Rakan
1,Maokai,Chogath,Taliyah,Xayah,Rakan
1,Chogath,RekSai,Orianna,Kalista,Taric
1,Chogath,Khazix,Anivia,Jhin,Rakan
1,Chogath,JarvanIV,Anivia,Kalista,Braum
1,JarvanIV,Zac,Karma,Caitlyn,Morgana
1,Fiora,Khazix,Syndra,Varus,Lulu
1,Jayce,RekSai,Orianna,Varus,Malzahar
1,Poppy,Olaf,Orianna,Ezreal,Zyra
1,Camille,Elise,Cassiopeia,Varus,TahmKench
1,Fiora,Nocturne,Orianna,Varus,Karma
1,Camille,Ivern,Cassiopeia,Varus,Thresh
1,Poppy,Ivern,Malzahar,Varus,Karma
1,Jayce,Elise,Taliyah,MissFortune,TahmKench
1,Fiora,Khazix,Orianna,MissFortune,Zyra
1,Sion,RekSai,Cassiopeia,Varus,TahmKench
1,Fiora,Sejuani,Orianna,Varus,Karma
1,Shen,Khazix,Viktor,MissFortune,Zyra
1,Rumble,Ivern,Corki,Ashe,Bard
1,Camille,Graves,Ryze,Varus,Malzahar
1,Shen,Khazix,Viktor,Sivir,Bard
1,Camille,Hecarim,Corki,Jhin,Zyra
1,Camille,Nocturne,Leblanc,Varus,Lulu
1,Nautilus,Graves,Syndra,Sivir,Karma
1,Rumble,Rengar,Leblanc,Varus,TahmKench
1,Gragas,Rengar,Ahri,Sivir,Lulu
1,Camille,Elise,Syndra,Caitlyn,Karma
1,Gragas,Graves,Anivia,Varus,Braum
1,Shen,Khazix,Corki,Varus,Zyra
1,Renekton,Elise,Syndra,Varus,Malzahar
1,Rumble,Graves,Syndra,Jhin,Zyra
1,Gragas,Graves,Ahri,Jhin,Blitzcrank
1,Renekton,Rengar,Vladimir,Ezreal,Zyra
1,Shen,Nocturne,Syndra,Ashe,Zyra
1,Gragas,Graves,Syndra,Kalista,Blitzcrank
1,Gragas,Graves,Orianna,Kalista,Lulu
1,Shen,Rengar,Vladimir,Jhin,Karma
1,Shen,Nocturne,Ahri,Ezreal,Lulu
1,Kennen,Khazix,Viktor,Ezreal,Lulu
1,Shen,Rengar,Viktor,Lucian,Bard
1,Nautilus,Khazix,Taliyah,Ezreal,Braum
1,Renekton,Elise,Ahri,Varus,Sona
1,Shen,Graves,Orianna,Ashe,MissFortune
1,Nautilus,Khazix,Taliyah,Lucian,Braum
1,Swain,Elise,Lucian,Kalista,Blitzcrank
1,Fiora,Sejuani,Fizz,Varus,Zilean
1,Shen,Gragas,Heimerdinger,Caitlyn,Rakan
1,Shen,Warwick,Orianna,Xayah,Rakan
1,Shen,Elise,Azir,Varus,Thresh
1,Kled,Elise,Cassiopeia,Xayah,Rakan
1,Kennen,Gragas,Karma,Caitlyn,Braum
1,Rumble,RekSai,Orianna,Kalista,Rakan
1,Kled,RekSai,Cassiopeia,Xayah,Rakan
1,Fiora,Rammus,Anivia,Caitlyn,Zilean
1,Kennen,Warwick,Ziggs,Varus,Trundle
1,Rumble,RekSai,Syndra,Ashe,TahmKench
1,Renekton,Warwick,Cassiopeia,Varus,Rakan
1,Jax,Elise,Kassadin,Ashe,TahmKench
1,Gnar,Sejuani,Corki,Kalista,Alistar
1,Kayle,Olaf,Anivia,Varus,Thresh
1,Gragas,Khazix,Taliyah,Varus,Blitzcrank
1,Jayce,Elise,Syndra,Ashe,Karma
1,Gnar,Zac,Corki,Kalista,Trundle
1,Chogath,RekSai,Cassiopeia,Jhin,Blitzcrank
1,Gnar,RekSai,Syndra,Ashe,Braum
1,Chogath,Sejuani,Cassiopeia,Xayah,Bard
1,Lucian,Chogath,Vladimir,Varus,Thresh
1,Chogath,RekSai,Taliyah,Tristana,Braum
1,Gnar,Sejuani,Anivia,MissFortune,Rakan
1,Camille,Sejuani,Orianna,Sivir,Trundle
1,Maokai,Kayn,Taliyah,Jhin,Braum
1,Jayce,Elise,Viktor,Kalista,Blitzcrank
1,Maokai,RekSai,Taliyah,Tristana,Alistar
1,Gragas,Maokai,Orianna,Kalista,Thresh
1,JarvanIV,Maokai,Leblanc,Twitch,Thresh
1,Gnar,Chogath,Orianna,Kalista,Thresh
1,Darius,Elise,Taliyah,Xayah,Soraka
1,Chogath,Gragas,Ahri,Sivir,Alistar
1,Chogath,JarvanIV,Orianna,Varus,Alistar
1,Poppy,RekSai,Taliyah,Tristana,Alistar
1,Jayce,Sejuani,Viktor,Kalista,Alistar
1,Gnar,Gragas,Karma,Twitch,Braum
1,Trundle,Gragas,Taliyah,Tristana,TahmKench
1,Gragas,Kayn,Anivia,Jhin,TahmKench
1,Trundle,Gragas,Cassiopeia,Jhin,TahmKench
1,Maokai,JarvanIV,Cassiopeia,KogMaw,Janna
1,Chogath,Sejuani,Fizz,Twitch,Lulu
1,Shen,Graves,Syndra,Xayah,Lulu
1,Shen,Sejuani,Fizz,KogMaw,Janna
1,Maokai,JarvanIV,Galio,Caitlyn,Lulu
1,Gnar,Gragas,Leblanc,Caitlyn,Janna
1,Trundle,Sejuani,Orianna,Twitch,Janna
1,JarvanIV,Khazix,Taliyah,Tristana,Karma
1,Jayce,Gragas,Taliyah,KogMaw,Janna
1,JarvanIV,Gragas,Ryze,Xayah,Rakan
1,Jayce,Sejuani,Ryze,KogMaw,Lulu
1,Nautilus,RekSai,Cassiopeia,Xayah,Janna
1,Chogath,RekSai,Malzahar,Tristana,Janna
1,Chogath,RekSai,Ryze,KogMaw,Janna
1,Trundle,Gragas,Ryze,Tristana,Lulu
1,Maokai,Sejuani,Jayce,Twitch,Janna
1,Chogath,Sejuani,Corki,Tristana,Lulu
1,Chogath,Khazix,Malzahar,Xayah,Janna
1,Chogath,Khazix,Galio,Twitch,Lulu
1,Rumble,LeeSin,Galio,Tristana,Janna
1,Maokai,JarvanIV,Leblanc,Xayah,Janna
1,Chogath,Gragas,Corki,Tristana,Rakan
1,Rumble,Gragas,Galio,Twitch,Janna
1,Shen,Gragas,Leblanc,Xayah,Janna
1,Chogath,Gragas,Cassiopeia,Xayah,Thresh
1,Rumble,Sejuani,Jayce,Caitlyn,Janna
1,Gnar,Sejuani,Cassiopeia,Twitch,Rakan
1,Chogath,Gragas,Orianna,Xayah,Taric
1,Shen,Sejuani,Lissandra,Tristana,Taric
1,Jayce,Sejuani,Galio,Caitlyn,Trundle
1,Gnar,Sejuani,Karma,Tristana,Blitzcrank
1,Jayce,JarvanIV,Taliyah,Tristana,TahmKench
1,Gnar,Sejuani,Malzahar,Tristana,Karma
1,Chogath,Gragas,Corki,KogMaw,Janna
1,Singed,JarvanIV,Orianna,Tristana,Taric
1,Gnar,Gragas,Galio,KogMaw,Janna
1,Shen,Sejuani,Malzahar,Twitch,Janna
1,Camille,Gragas,Galio,Varus,Leona
1,Maokai,Sejuani,Ryze,Vayne,Taric
1,Gnar,Gragas,Galio,KogMaw,Lulu
1,Shen,Gragas,Kassadin,Xayah,Rakan
1,Gnar,Gragas,Malzahar,Varus,Janna
1,Gnar,LeeSin,Galio,Varus,Rakan
1,Kennen,Zac,Malzahar,Xayah,Janna
1,Gnar,JarvanIV,Malzahar,Xayah,Janna
1,Chogath,Sejuani,Malzahar,Varus,Lulu
1,Kled,Elise,Taliyah,Ashe,Bard
1,Gragas,Khazix,Ahri,Varus,Karma
1,Rumble,LeeSin,Ekko,Varus,Lulu
1,Kennen,LeeSin,Taliyah,Ezreal,Lulu
1,Rumble,LeeSin,Orianna,Twitch,TahmKench
1,Rumble,Graves,Ryze,Jhin,TahmKench
1,Fiora,LeeSin,Fizz,KogMaw,Braum
1,Gragas,Khazix,Lulu,Ashe,Zyra
1,Shen,Graves,Orianna,Twitch,TahmKench
1,Fizz,LeeSin,Taliyah,Caitlyn,Karma
1,Gragas,LeeSin,Leblanc,Ashe,Malzahar
1,Renekton,LeeSin,Syndra,Caitlyn,Lulu
1,Fizz,LeeSin,Syndra,Ashe,Karma
1,Galio,Olaf,Ahri,Twitch,Lulu
1,Shen,Graves,Ahri,Caitlyn,Karma
1,Fizz,Ivern,Taliyah,Caitlyn,Karma
1,Nautilus,Graves,Leblanc,Ashe,Lulu
1,Fizz,LeeSin,Taliyah,Ashe,Lulu
1,Shen,Ivern,Orianna,Caitlyn,Lulu
1,Rumble,Graves,Orianna,Twitch,Lulu
1,Galio,Olaf,Syndra,Varus,Karma
1,Shen,LeeSin,Jayce,KogMaw,Nami
1,Galio,Khazix,Syndra,Varus,Karma
1,Galio,LeeSin,Cassiopeia,Ashe,Zyra
1,Gangplank,LeeSin,Syndra,KogMaw,Braum
1,Rumble,LeeSin,Ahri,Caitlyn,Zyra
1,Gragas,Khazix,Syndra,Jhin,TahmKench
1,Nautilus,Elise,Corki,Jhin,Karma
1,Maokai,Ivern,Jayce,Jhin,MissFortune
1,Shen,Khazix,Jayce,Jhin,Braum
1,Shen,Rengar,Ryze,Varus,Zyra
1,Rumble,Graves,Jayce,Varus,TahmKench
1,Nautilus,Graves,Leblanc,Jhin,Karma
1,Nautilus,Graves,Syndra,Varus,Malzahar
1,Nautilus,Graves,Ryze,Varus,Braum
1,Maokai,Khazix,Azir,Varus,Malzahar
1,Poppy,LeeSin,Syndra,Ashe,Karma
1,Poppy,Khazix,Syndra,Ashe,Karma
1,JarvanIV,Elise,Corki,Xayah,Rakan
1,Gnar,Gragas,Syndra,Varus,Braum
1,JarvanIV,Gragas,Corki,Xayah,Thresh
1,Jax,Elise,Taliyah,Kalista,Rakan
1,JarvanIV,LeeSin,Orianna,Caitlyn,Thresh
1,Fiora,Elise,Taliyah,Kalista,Thresh
1,Kled,LeeSin,Taliyah,Xayah,Thresh
1,JarvanIV,LeeSin,Orianna,Ashe,Thresh
1,JarvanIV,RekSai,Galio,KogMaw,Braum
1,JarvanIV,Zac,Corki,Ashe,Zyra
1,Camille,Gragas,Corki,Caitlyn,Karma
1,Kennen,Gragas,Orianna,Jhin,Thresh
1,Renekton,Nidalee,Orianna,Caitlyn,Braum
1,Rumble,RekSai,Orianna,Varus,Braum
1,Fiora,Nunu,Cassiopeia,Caitlyn,Thresh
1,Rumble,Zac,Orianna,Kennen,Thresh
1,Shen,RekSai,Ekko,Xayah,Rakan
1,JarvanIV,LeeSin,AurelionSol,Caitlyn,Blitzcrank
1,Jax,RekSai,Ekko,Draven,Brand
1,Camille,RekSai,Taliyah,Lucian,Braum
1,JarvanIV,Warwick,Syndra,Kalista,Thresh
1,JarvanIV,Gragas,Taliyah,Kalista,Thresh
1,JarvanIV,Zac,Corki,Kennen,Blitzcrank
1,Renekton,Elise,Orianna,Xayah,Blitzcrank
1,Renekton,LeeSin,Corki,Kalista,Thresh
1,Gnar,Gragas,Syndra,Lucian,Braum
1,Gnar,Gragas,Kassadin,Twitch,Thresh
1,Kled,Elise,Syndra,Ashe,Braum
1,Gnar,Gragas,Kassadin,Twitch,TahmKench
1,Renekton,Nidalee,Corki,Draven,Thresh
1,JarvanIV,Khazix,Cassiopeia,Tristana,Braum
1,Renekton,RekSai,Taliyah,Ashe,Alistar
1,Jayce,Elise,Orianna,Varus,Bard
1,Rumble,Zac,Lucian,Tristana,Thresh
1,Fiora,Graves,Galio,Caitlyn,Braum
1,Renekton,LeeSin,Syndra,Kalista,Thresh
1,Lucian,Elise,Kassadin,Caitlyn,Thresh
1,Kennen,LeeSin,Syndra,Varus,Alistar
1,Renekton,LeeSin,Cassiopeia,Varus,Trundle
1,Renekton,LeeSin,Syndra,Varus,Trundle
1,Kennen,Gragas,Orianna,Twitch,Thresh
1,Gragas,Khazix,Syndra,Kalista,Morgana
1,Gragas,LeeSin,Viktor,Kalista,Thresh
1,Shen,Warwick,Syndra,Varus,Blitzcrank
1,Jax,RekSai,Corki,Caitlyn,Braum
1,JarvanIV,RekSai,Corki,Ashe,Braum
1,Camille,RekSai,Cassiopeia,Varus,Lulu
1,Kennen,RekSai,Viktor,Caitlyn,TahmKench
1,Shen,Rengar,Orianna,Varus,MissFortune
1,Sion,Rengar,Corki,Jhin,Thresh
1,Gangplank,Rengar,Orianna,Ezreal,Karma
1,Shen,Olaf,Syndra,Ashe,Thresh
1,Camille,Ivern,Viktor,Jhin,Nami
1,Gnar,Gragas,Vladimir,Lucian,Soraka
1,Gnar,Gragas,Lux,Lucian,Karma
1,Gnar,RekSai,Leblanc,Twitch,Janna
1,Gangplank,RekSai,Malzahar,Lucian,Trundle
1,Shen,RekSai,Anivia,Lucian,Nami
1,Renekton,Graves,Ahri,Varus,Lulu
1,Nautilus,Khazix,Ahri,Lucian,Lulu
1,Gragas,Khazix,Orianna,Lucian,Lulu
1,Nautilus,Graves,Ahri,Lucian,Lulu
1,Nautilus,Rengar,Leblanc,Varus,Zyra
1,Camille,Graves,Orianna,Varus,Zyra
1,Camille,RekSai,Karma,Varus,Zyra
1,Camille,Elise,Karthus,Varus,TahmKench
1,Camille,Rengar,Karthus,Ezreal,TahmKench
1,Rumble,Rengar,Jayce,Ezreal,Karma
1,Camille,Khazix,Ahri,Ashe,Malzahar
1,Rumble,Graves,Jayce,Caitlyn,Karma
1,Renekton,Khazix,Syndra,Varus,Zyra
1,Shen,Hecarim,Kassadin,Jhin,TahmKench
1,Jax,Olaf,Vladimir,Jhin,Karma
1,Shen,Gragas,Vladimir,Jhin,Thresh
1,Ekko,Gragas,Malzahar,Lucian,Taric
1,Gangplank,Hecarim,Vladimir,Lucian,Karma
1,Gnar,Gragas,Vladimir,Lucian,Karma
1,Ekko,LeeSin,Vladimir,Jhin,Trundle
1,Fizz,Rengar,Leblanc,Ezreal,Malzahar
1,Shen,Khazix,Akali,Varus,Lulu
1,Nautilus,Khazix,Orianna,Lucian,Lulu
1,Shen,Elise,Corki,Ashe,Nautilus
1,Rumble,Graves,Syndra,Ashe,Nautilus
1,Gragas,LeeSin,Syndra,Ezreal,Zyra
1,Gragas,RekSai,Leblanc,Ezreal,Zyra
1,Camille,Olaf,Cassiopeia,Ezreal,Zyra
1,Fiora,LeeSin,Cassiopeia,Ashe,Zyra
1,Poppy,RekSai,Malzahar,Sivir,Karma
1,Ekko,Nidalee,Varus,Jhin,Trundle
1,Ekko,Elise,Vladimir,Sivir,Bard
1,Gnar,RekSai,Lissandra,Ezreal,Braum
1,Gangplank,RekSai,Malzahar,Caitlyn,Karma
1,Shen,Gragas,Vladimir,Caitlyn,Karma
1,Shen,Graves,Cassiopeia,KogMaw,Thresh
1,Rumble,Graves,Syndra,Twitch,Nami
1,Nautilus,Graves,Vladimir,Ashe,Zyra
1,Jayce,Graves,Syndra,Ziggs,Thresh
1,Gragas,LeeSin,Taliyah,Ashe,Zyra
1,Gragas,LeeSin,Syndra,Twitch,Thresh
1,Ekko,Gragas,Vladimir,Ashe,Braum
1,Shen,RekSai,Lissandra,Ashe,Trundle
1,Yasuo,RekSai,Karma,Caitlyn,Trundle
1,Ekko,Gragas,Taliyah,Caitlyn,Trundle
1,Gnar,Gragas,Syndra,Caitlyn,Braum
1,Nautilus,LeeSin,Orianna,Lucian,Lulu
1,Maokai,Khazix,Viktor,Jhin,Malzahar
1,Nautilus,Graves,Viktor,Ezreal,Nami
1,Camille,Graves,Viktor,Caitlyn,Malzahar
1,Shen,Graves,Ekko,Ashe,Malzahar
1,Shen,LeeSin,Taliyah,Varus,Malzahar
