rResult,redTopChamp,redJungleChamp,redMiddleChamp,redADCChamp,redSupportChamp
1,Shen,Khazix,Fizz,Ashe,MissFortune
1,Maokai,Rengar,Lissandra,Varus,Nami
1,Maokai,Khazix,Cassiopeia,Ashe,Lulu
1,Maokai,LeeSin,Corki,Varus,Karma
1,Maokai,Khazix,Fizz,Varus,Morgana
1,Maokai,Olaf,Ekko,Ashe,MissFortune
1,Shen,Khazix,Ekko,Ashe,Zyra
1,Maokai,Khazix,TwistedFate,Ashe,Karma
1,Nautilus,Khazix,Ryze,Jhin,Taric
1,Maokai,Khazix,Leblanc,Ezreal,Karma
1,Nautilus,Rengar,Kassadin,Jhin,Malzahar
1,Fiora,RekSai,Ryze,Jhin,Malzahar
1,Poppy,LeeSin,Cassiopeia,Varus,Thresh
1,Maokai,LeeSin,Orianna,Jhin,Karma
1,Jayce,RekSai,Ryze,Ashe,Karma
1,Maokai,LeeSin,Anivia,Ashe,Zyra
1,Maokai,RekSai,Orianna,Varus,Nami
1,Nautilus,RekSai,Syndra,Ashe,Morgana
1,Shen,RekSai,Cassiopeia,Varus,Nami
1,Jayce,RekSai,Corki,Caitlyn,Zyra
1,Maokai,Ivern,Azir,Jhin,Thresh
1,Shen,Nidalee,Jayce,MissFortune,Zyra
1,Maokai,Khazix,Ryze,Varus,TahmKench
1,Maokai,Khazix,Corki,Ashe,Zyra
1,Shen,Ivern,Corki,Jhin,MissFortune
1,Poppy,Khazix,Orianna,Varus,Thresh
1,Maokai,Graves,Orianna,Varus,Thresh
1,Shen,Evelynn,Corki,Jhin,Karma
1,Shen,Ivern,Syndra,Varus,MissFortune
1,Nautilus,Khazix,Ryze,MissFortune,Malzahar
1,Nautilus,LeeSin,Leblanc,Varus,TahmKench
1,Maokai,Khazix,Leblanc,Ezreal,Karma
1,Shen,Graves,Ekko,Jhin,MissFortune
1,Maokai,Elise,Corki,MissFortune,Thresh
1,Poppy,Graves,Corki,Jhin,Malzahar
1,Camille,Graves,Cassiopeia,Ashe,Taric
1,Maokai,Khazix,Corki,Jhin,Karma
1,Nautilus,Khazix,Zilean,Jhin,Zyra
1,Shen,Rengar,Corki,Jhin,Zyra
1,Maokai,Khazix,Zed,Jhin,Zyra
1,Maokai,Khazix,Corki,Jhin,MissFortune
1,Camille,Elise,Cassiopeia,Jhin,Malzahar
1,Maokai,Khazix,Orianna,Jhin,Nami
1,Nautilus,LeeSin,Ryze,Jhin,Karma
1,Shen,Graves,Zed,Ashe,Karma
1,Rumble,LeeSin,Corki,Varus,Morgana
1,Nautilus,LeeSin,Syndra,Ashe,Nami
1,Nautilus,Graves,Orianna,Jhin,Karma
1,Nautilus,Rengar,Ryze,Ashe,Nami
1,Maokai,Elise,Jayce,Sivir,Nami
1,Kled,Olaf,Leblanc,Ezreal,Nami
1,Maokai,LeeSin,Ekko,Jhin,Karma
1,Maokai,Khazix,Cassiopeia,Varus,Thresh
1,Jayce,Elise,AurelionSol,Ezreal,Braum
1,Renekton,Graves,Orianna,Jhin,Thresh
1,Poppy,Khazix,Syndra,Ashe,Malzahar
1,Shen,Rengar,Azir,Ashe,Karma
1,Nautilus,Rengar,Syndra,Ezreal,Lulu
1,Renekton,Elise,Talon,Sivir,Lulu
1,Poppy,Graves,Ahri,Ezreal,Karma
1,Gangplank,Elise,Ahri,Ezreal,Thresh
1,Nautilus,Rengar,Cassiopeia,Ezreal,Lulu
1,Nautilus,LeeSin,Viktor,Ashe,Lulu
1,Shen,Gragas,Katarina,Caitlyn,Lulu
1,Nautilus,Khazix,Ahri,Ezreal,Taric
1,Nautilus,Rengar,Cassiopeia,Jhin,Lulu
1,Maokai,Rengar,Ahri,Ezreal,Lulu
1,Nautilus,LeeSin,Orianna,Varus,Malzahar
1,Nautilus,Olaf,Vladimir,Caitlyn,Lulu
1,Nautilus,Gragas,Syndra,Caitlyn,Karma
1,Maokai,Rengar,Orianna,Ezreal,Thresh
1,Nautilus,LeeSin,Orianna,Caitlyn,Lulu
1,Ekko,LeeSin,Azir,Jhin,Lulu
1,Shen,Elise,Orianna,Caitlyn,Karma
1,Nautilus,Elise,Cassiopeia,Varus,Lulu
1,Rumble,Rengar,Syndra,Caitlyn,Lulu
1,Camille,Elise,Vladimir,Ezreal,Lulu
1,Nautilus,Elise,Ahri,Ezreal,Karma
1,Gragas,Rengar,Orianna,Ashe,Lulu
1,Jayce,Zac,Ahri,Draven,Karma
1,Poppy,Gragas,Vladimir,Ezreal,Thresh
1,Nautilus,LeeSin,Orianna,Ezreal,Karma
1,Rumble,LeeSin,Orianna,Jhin,Zyra
1,Shen,Khazix,Orianna,Varus,Lulu
1,Nautilus,LeeSin,Vladimir,Varus,Lulu
1,Nautilus,LeeSin,Orianna,Lucian,Nami
1,Nautilus,Rengar,Vladimir,Kalista,Thresh
1,Nautilus,LeeSin,Orianna,Ezreal,Malzahar
1,Maokai,Khazix,Taliyah,Ashe,Lulu
1,Nautilus,Rengar,Orianna,Varus,Lulu
1,Renekton,Nidalee,Talon,Varus,Lulu
1,Gangplank,Gragas,Orianna,Caitlyn,Nami
1,Nautilus,Ivern,Syndra,Ashe,Zyra
1,Fizz,Khazix,Orianna,Caitlyn,Lulu
1,Fizz,Rengar,AurelionSol,Ashe,Nami
1,Renekton,Evelynn,Talon,Ashe,Karma
1,Gragas,Khazix,Kassadin,Ashe,Lulu
1,Nautilus,Khazix,Ekko,Ashe,Lulu
1,Nautilus,Graves,Syndra,Lucian,Karma
1,Renekton,LeeSin,Syndra,Varus,Lulu
1,Nautilus,Graves,Taliyah,Varus,Lulu
1,Rumble,Ivern,Jayce,KogMaw,Lulu
1,Shen,Elise,Syndra,Twitch,Karma
1,Camille,Ivern,Taliyah,Caitlyn,Karma
1,Shen,Graves,Syndra,Ashe,Gragas
1,Camille,LeeSin,Syndra,Varus,Nami
1,Gragas,LeeSin,AurelionSol,Caitlyn,Bard
1,Shen,Khazix,Ahri,Varus,Karma
1,Renekton,Elise,Ahri,Varus,Bard
1,Gragas,Ivern,Syndra,Caitlyn,Nami
1,Galio,Ivern,Lucian,Ashe,Karma
1,Kennen,LeeSin,Syndra,Ashe,TahmKench
1,Renekton,Gragas,Syndra,Varus,Karma
1,Lucian,Ivern,Syndra,Ashe,Zyra
1,Galio,Elise,Ekko,Varus,Karma
1,JarvanIV,Olaf,Orianna,Kennen,Thresh
1,JarvanIV,Nidalee,Orianna,Varus,Karma
1,Galio,Rengar,Ahri,Varus,Bard
1,Rumble,LeeSin,Taliyah,Caitlyn,Galio
1,Gragas,Graves,Kassadin,Xayah,Blitzcrank
1,Gragas,LeeSin,Cassiopeia,Varus,Thresh
1,Gragas,Olaf,Syndra,Caitlyn,Karma
1,Renekton,LeeSin,Taliyah,Ashe,Thresh
1,Rumble,Rengar,Viktor,Ashe,Zyra
1,JarvanIV,Gragas,Orianna,Caitlyn,Blitzcrank
1,Pantheon,Gragas,Kassadin,Caitlyn,Karma
1,Renekton,Gragas,Orianna,Xayah,Rakan
1,Kled,Elise,Leblanc,Xayah,Blitzcrank
1,JarvanIV,Gragas,Orianna,Tristana,Morgana
1,Jayce,Gragas,Taliyah,Xayah,Blitzcrank
1,JarvanIV,Elise,Orianna,Caitlyn,Zyra
1,Rumble,LeeSin,Viktor,Caitlyn,Blitzcrank
1,Shen,LeeSin,Viktor,Twitch,Rakan
1,Kled,LeeSin,Taliyah,Varus,Braum
1,Shen,Khazix,Cassiopeia,Varus,Rakan
1,Gragas,LeeSin,Cassiopeia,Ashe,Thresh
1,Kennen,LeeSin,Ahri,Ashe,Morgana
1,Renekton,Nidalee,Cassiopeia,Varus,TahmKench
1,Fiora,Gragas,Leblanc,Varus,Braum
1,JarvanIV,Elise,Syndra,Xayah,Bard
1,Renekton,Elise,Taliyah,Kalista,Thresh
1,Kled,Nidalee,Galio,Jhin,Braum
1,Kled,LeeSin,Zilean,Tristana,Thresh
1,Kled,Elise,Orianna,Varus,Thresh
1,Shen,Zac,Cassiopeia,Ashe,Morgana
1,Renekton,Gragas,Ahri,Jhin,Bard
1,Renekton,Gragas,Kassadin,Ashe,Thresh
1,Gragas,LeeSin,Viktor,Caitlyn,Morgana
1,Renekton,Gragas,Orianna,Jhin,TahmKench
1,Renekton,LeeSin,Cassiopeia,Varus,Braum
1,Kled,LeeSin,Orianna,Jhin,TahmKench
1,JarvanIV,Gragas,Orianna,Tristana,Braum
1,Gnar,RekSai,Cassiopeia,Tristana,Thresh
1,Camille,Elise,Orianna,Tristana,Braum
1,Rumble,LeeSin,Taliyah,Tristana,Morgana
1,Rumble,RekSai,Lucian,Jhin,TahmKench
1,JarvanIV,RekSai,Syndra,Jhin,Thresh
1,Renekton,Nidalee,Ahri,Kalista,Thresh
1,Renekton,RekSai,Malzahar,Ashe,TahmKench
1,Rumble,Rengar,Corki,Tristana,TahmKench
1,Fiora,Gragas,Kassadin,Ashe,Zyra
1,Galio,Olaf,Velkoz,Kalista,Thresh
1,Kled,Nidalee,Taliyah,Twitch,Thresh
1,Camille,Gragas,Galio,Tristana,Braum
1,Renekton,Nidalee,Syndra,Kalista,Thresh
1,Shen,Gragas,Syndra,Xayah,Thresh
1,JarvanIV,Gragas,Orianna,KogMaw,Morgana
1,Renekton,Gragas,Corki,KogMaw,Thresh
1,Kled,Sejuani,Cassiopeia,Tristana,Braum
1,Galio,RekSai,Taliyah,Ashe,Thresh
1,Maokai,Graves,Cassiopeia,Kalista,Blitzcrank
1,Maokai,Rengar,Taliyah,Jhin,Bard
1,Kled,Gragas,Corki,Kalista,Bard
1,JarvanIV,Elise,Orianna,Sivir,Thresh
1,JarvanIV,Elise,Taliyah,Tristana,Taric
1,JarvanIV,Maokai,Taliyah,Jhin,Karma
1,Camille,Khazix,Corki,Draven,Blitzcrank
1,Camille,Elise,Galio,Jhin,TahmKench
1,Shen,JarvanIV,Corki,Jhin,Karma
1,Fiora,Gragas,Taliyah,Kalista,Blitzcrank
1,Kled,RekSai,Taliyah,Jhin,Thresh
1,JarvanIV,Chogath,Corki,Kalista,Janna
1,Gnar,RekSai,Syndra,Varus,Zyra
1,Shen,Maokai,Corki,Sivir,Janna
1,Shen,JarvanIV,Cassiopeia,Tristana,Lulu
1,Gnar,Maokai,Cassiopeia,Varus,TahmKench
1,Camille,Gragas,Taliyah,Tristana,Morgana
1,Gragas,Khazix,Orianna,Varus,Taric
1,Gragas,RekSai,Leblanc,Caitlyn,Taric
1,Kled,Gragas,Corki,Kalista,Braum
1,Kled,Gragas,Cassiopeia,Tristana,Janna
1,Poppy,Maokai,Taliyah,Varus,Janna
1,Shen,Gragas,Cassiopeia,Kalista,Blitzcrank
1,JarvanIV,RekSai,Taliyah,Tristana,Alistar
1,Shen,Gragas,Orianna,Kalista,Morgana
1,Renekton,JarvanIV,Orianna,Tristana,Thresh
1,Gnar,Gragas,Taliyah,Tristana,Alistar
1,Gnar,Gragas,Corki,Tristana,Lulu
1,Galio,RekSai,Orianna,Tristana,Alistar
1,Renekton,JarvanIV,Taliyah,Sivir,Karma
1,Chogath,Maokai,Orianna,Tristana,Blitzcrank
1,Shen,JarvanIV,Taliyah,Sivir,Blitzcrank
1,Gragas,LeeSin,Taliyah,Vayne,Thresh
1,JarvanIV,Maokai,Taliyah,Varus,Janna
1,Maokai,JarvanIV,Corki,Jinx,Braum
1,Gnar,Zac,Orianna,Jhin,Janna
1,Maokai,Nunu,Syndra,Twitch,Alistar
1,Gnar,Elise,Lucian,Twitch,Blitzcrank
1,Maokai,Nunu,Taliyah,Sivir,Janna
1,Rumble,Gragas,Galio,Varus,Thresh
1,Trundle,Elise,Corki,Varus,Thresh
1,Camille,Gragas,Corki,Tristana,Alistar
1,Gnar,Gragas,Cassiopeia,KogMaw,Alistar
1,JarvanIV,Gragas,Cassiopeia,KogMaw,Braum
1,Chogath,Gragas,Lucian,KogMaw,Braum
1,JarvanIV,Sejuani,Lucian,KogMaw,Morgana
1,Jax,Gragas,Kassadin,Tristana,Thresh
1,Gnar,Gragas,Corki,Tristana,Rakan
1,Chogath,RekSai,Syndra,KogMaw,Rakan
1,Chogath,Sejuani,AurelionSol,Ashe,Thresh
1,Chogath,Maokai,Lucian,Caitlyn,Thresh
1,Shen,JarvanIV,Cassiopeia,Tristana,Rakan
1,Maokai,Sejuani,Orianna,Tristana,Alistar
1,Galio,RekSai,Orianna,Xayah,Janna
1,Shen,Khazix,Syndra,Varus,Zyra
1,Illaoi,RekSai,Corki,Varus,Nautilus
1,Poppy,Ivern,Kassadin,Caitlyn,Lulu
1,Rumble,Khazix,Leblanc,Jhin,TahmKench
1,Rumble,Khazix,Cassiopeia,Ashe,TahmKench
1,Shen,Rumble,Ryze,Jhin,Bard
1,Poppy,Zac,Ryze,Jhin,TahmKench
1,Kennen,Khazix,Orianna,Varus,TahmKench
1,Maokai,Khazix,Ryze,Ashe,MissFortune
1,Shen,Ivern,Katarina,Jhin,Thresh
1,Maokai,Ivern,Cassiopeia,Jhin,Thresh
1,Jayce,Olaf,Ryze,Caitlyn,Malzahar
1,Shen,Warwick,Ryze,Varus,Lulu
1,Jayce,Ivern,Corki,Varus,TahmKench
1,Shen,Ivern,Corki,Varus,MissFortune
1,Shen,Graves,Ekko,Ashe,Zyra
1,Shen,Khazix,Corki,Caitlyn,Zyra
1,Maokai,Ivern,Camille,Varus,Soraka
1,Gnar,Ivern,Ryze,Jhin,Karma
1,Gangplank,Ivern,Corki,Jhin,TahmKench
1,Maokai,Graves,Corki,Varus,Malzahar
1,Rumble,Khazix,Corki,Jhin,Thresh
1,Maokai,LeeSin,Ryze,Jhin,Nautilus
1,Poppy,Graves,Ryze,Jhin,Karma
1,Singed,Khazix,Corki,Jhin,Braum
1,Rumble,Nidalee,Syndra,Jhin,Braum
1,Renekton,Elise,Orianna,Jhin,Malzahar
1,Maokai,Graves,Orianna,Ashe,Malzahar
1,Nautilus,Khazix,Syndra,Jhin,Malzahar
1,Gnar,Elise,Syndra,Ziggs,Camille
1,Rumble,LeeSin,Syndra,Jhin,Bard
1,Renekton,Graves,Syndra,Jhin,Malzahar
1,Shen,Khazix,Ahri,Jhin,Nautilus
1,Shen,Gragas,Cassiopeia,Ashe,Karma
1,Olaf,Gragas,Ryze,Jhin,Malzahar
1,Gragas,Graves,Viktor,Ezreal,Karma
1,Gnar,Rengar,Ryze,Ziggs,Malzahar
1,Renekton,Gragas,Viktor,Sivir,TahmKench
1,Nautilus,Graves,Zed,Ezreal,Lulu
1,Renekton,Ivern,Syndra,Caitlyn,Malzahar
1,Renekton,Rengar,Azir,Sivir,Malzahar
1,Nautilus,Khazix,Syndra,Ezreal,Malzahar
1,Gragas,LeeSin,Vladimir,Jhin,TahmKench
1,Nautilus,LeeSin,Ekko,Ashe,Bard
1,Renekton,Rengar,Swain,Jhin,TahmKench
1,Renekton,Rengar,Leblanc,Caitlyn,Bard
1,Nautilus,Rengar,Viktor,Ezreal,Zilean
1,Renekton,Elise,Orianna,Caitlyn,Lulu
1,Gnar,Graves,Ekko,Sivir,TahmKench
1,Kennen,Elise,Orianna,Ashe,Thresh
1,Rumble,LeeSin,Zilean,Ashe,Nautilus
1,Gragas,Graves,Vladimir,Varus,Lulu
1,Nautilus,Warwick,Talon,Caitlyn,Thresh
1,Nautilus,Khazix,Syndra,Ashe,Lulu
1,Swain,Graves,Ekko,Ashe,Thresh
1,Shen,Ivern,Syndra,Caitlyn,Zyra
1,Shen,LeeSin,Kayle,Lucian,Zyra
1,Shen,Khazix,Anivia,Caitlyn,Karma
1,Shen,Khazix,Leblanc,Kennen,Zyra
1,Rumble,Rengar,Vladimir,Lucian,Zilean
1,Fizz,Rengar,Syndra,Lucian,Malzahar
1,Gragas,Rengar,Ahri,Varus,Karma
1,Rumble,Hecarim,Leblanc,Varus,Malzahar
1,Camille,Rumble,Leblanc,Lucian,Malzahar
1,Rumble,LeeSin,Zed,Ashe,Zyra
1,Camille,Elise,Ryze,Varus,Zyra
1,Nautilus,LeeSin,Leblanc,Kennen,Zyra
1,Kled,Khazix,Syndra,Varus,Malzahar
1,Shen,Rengar,Syndra,Kalista,Thresh
1,Shen,Graves,Leblanc,Varus,Lulu
1,Camille,Elise,Ryze,Vayne,Thresh
1,Gragas,Elise,AurelionSol,Twitch,Zyra
1,Kennen,Elise,Ekko,Ezreal,Lulu
1,Gangplank,Elise,Cassiopeia,Ashe,Thresh
1,Renekton,Gragas,Leblanc,Lucian,TahmKench
1,Gangplank,Rumble,Ryze,Ashe,Thresh
1,Camille,Rengar,Leblanc,Ashe,Braum
1,Fiora,Graves,Orianna,Varus,Thresh
1,Galio,Khazix,Fizz,Twitch,Karma
1,Galio,Zac,Leblanc,Caitlyn,Thresh
1,Shen,Ivern,Syndra,Twitch,Braum
1,Rumble,LeeSin,Orianna,Varus,Galio
1,Shen,Khazix,Orianna,Kennen,Zyra
1,Renekton,LeeSin,Cassiopeia,Twitch,Thresh
1,Shen,LeeSin,Cassiopeia,Kennen,Karma
1,Shen,Ivern,Taliyah,Twitch,Blitzcrank
1,Galio,Khazix,Vladimir,Kalista,Rakan
1,Fiora,Gragas,Lucian,Varus,Janna
1,Kled,LeeSin,Galio,Varus,Zyra
1,Fiora,LeeSin,AurelionSol,Kalista,Thresh
1,Gnar,Khazix,Syndra,Kennen,Zyra
1,JarvanIV,Elise,Syndra,Varus,Thresh
1,Shen,Warwick,Ryze,Twitch,Blitzcrank
1,Fiora,Gragas,Kassadin,Twitch,Braum
1,Kled,Ivern,Malzahar,Xayah,Rakan
1,Fiora,LeeSin,Vladimir,Varus,Zyra
1,Gragas,LeeSin,Corki,Kennen,Thresh
1,Rumble,Gragas,Lucian,Kalista,Braum
1,Rumble,Gragas,Corki,Caitlyn,Thresh
1,Rumble,Hecarim,Ryze,Xayah,Rakan
1,Gragas,RekSai,Kassadin,Kalista,Thresh
1,Gragas,Khazix,Orianna,Ashe,TahmKench
1,Camille,Elise,Syndra,Tristana,Blitzcrank
1,Mordekaiser,RekSai,Orianna,Xayah,Rakan
1,Gragas,Warwick,Cassiopeia,Varus,Braum
1,Shen,Olaf,Corki,Caitlyn,TahmKench
1,Galio,RekSai,Orianna,Ashe,Braum
1,Camille,Gragas,Corki,Ashe,Braum
1,Renekton,Gragas,Orianna,Ashe,Lulu
1,Galio,Khazix,Kassadin,Twitch,Blitzcrank
1,Gragas,Hecarim,Corki,Caitlyn,TahmKench
1,Shen,Khazix,Leblanc,Ashe,TahmKench
1,Shen,LeeSin,Corki,Kalista,Alistar
1,JarvanIV,Sejuani,Orianna,Varus,TahmKench
1,Fiora,Gragas,Corki,Xayah,Rakan
1,Jayce,Gragas,Cassiopeia,Kalista,Braum
1,Renekton,RekSai,Corki,Kalista,Thresh
1,JarvanIV,Gragas,Syndra,Sivir,Braum
1,Gnar,Sejuani,Corki,Kalista,Braum
1,Camille,Sejuani,Syndra,Varus,Braum
1,JarvanIV,Chogath,Cassiopeia,Ashe,Thresh
1,Gnar,Gragas,Syndra,Tristana,TahmKench
1,Camille,Sejuani,Orianna,KogMaw,Braum
1,Shen,Gragas,Corki,Tristana,Braum
1,Rumble,Gragas,Jayce,Tristana,Thresh
1,Gnar,Elise,Orianna,Ashe,Braum
1,Gnar,Maokai,Taliyah,Jhin,Alistar
1,Gnar,JarvanIV,Taliyah,Xayah,Rakan
1,Gnar,Gragas,Kassadin,Tristana,Alistar
1,Gnar,Gragas,Taliyah,Jhin,Morgana
1,Gnar,RekSai,Orianna,Tristana,Blitzcrank
1,Rumble,Kayn,Syndra,Kalista,Alistar
1,Maokai,Rengar,Orianna,Tristana,Alistar
1,Maokai,Nidalee,Leblanc,Xayah,Trundle
1,Renekton,Gragas,Taliyah,Kalista,Morgana
1,Gnar,JarvanIV,Orianna,Tristana,Thresh
1,Irelia,Warwick,Galio,Tristana,Janna
1,Gnar,Gragas,Syndra,Kalista,Lulu
1,Renekton,Maokai,Kassadin,Kalista,Janna
1,Jayce,Gragas,Orianna,Kalista,Alistar
1,JarvanIV,Gragas,Nasus,Karthus,Vayne
1,Gnar,Gragas,Orianna,Ashe,Karma
1,Shaco,Lulu,Twitch,Vayne,Gragas
1,Chogath,Poppy,Vladimir,Kalista,Trundle
1,Shen,Poppy,Syndra,Xayah,Rakan
1,Rumble,Poppy,Lucian,Tristana,Rakan
1,Camille,JarvanIV,Galio,Sivir,Morgana
1,Chogath,JarvanIV,Leblanc,Caitlyn,Morgana
1,Gnar,Zac,Syndra,Xayah,Janna
1,Gnar,Rengar,Orianna,Xayah,Blitzcrank
1,Chogath,Sejuani,Orianna,Sivir,Alistar
1,Gnar,Sejuani,Cassiopeia,Varus,TahmKench
1,Chogath,Sejuani,Corki,Ashe,Rakan
1,Gnar,Gragas,Syndra,Xayah,Janna
1,Gnar,Gragas,Syndra,Sivir,Morgana
1,Maokai,Gragas,Lucian,Sivir,Alistar
1,Renekton,Sejuani,Cassiopeia,Tristana,Alistar
1,Rumble,Gragas,Cassiopeia,Sivir,Rakan
1,Gnar,Ivern,Cassiopeia,Tristana,Alistar
1,Chogath,Gragas,Syndra,Sivir,Morgana
1,Maokai,Elise,Ryze,Ezreal,MissFortune
1,Maokai,Khazix,Corki,Ezreal,Zyra
1,Maokai,Khazix,Orianna,Ashe,Zyra
1,Shen,RekSai,Taliyah,Caitlyn,Malzahar
1,Singed,Elise,Ryze,Jhin,MissFortune
1,Maokai,Khazix,Cassiopeia,Ashe,Thresh
1,Maokai,Khazix,Malzahar,Varus,Karma
1,Poppy,RekSai,Malzahar,Varus,MissFortune
1,Nautilus,Rengar,Corki,Varus,Karma
1,Poppy,Khazix,Corki,Jhin,Malzahar
1,Maokai,LeeSin,Katarina,Ashe,MissFortune
1,Shen,Khazix,Taliyah,Jhin,Zyra
1,Nautilus,Khazix,Orianna,Varus,Karma
1,Maokai,LeeSin,Corki,Ashe,Zyra
1,Shen,Elise,AurelionSol,Varus,Karma
1,Nautilus,RekSai,Corki,Jhin,MissFortune
1,Nautilus,LeeSin,Taliyah,Varus,Zyra
1,Singed,Rengar,Ryze,Ashe,TahmKench
1,Shen,Rengar,Corki,Jhin,Malzahar
1,Maokai,Rengar,AurelionSol,Sivir,Karma
1,Poppy,Graves,Ryze,Jhin,Leona
1,Shen,RekSai,AurelionSol,Ashe,Zyra
1,Jayce,Elise,Orianna,Ashe,TahmKench
1,Maokai,Graves,Cassiopeia,Sivir,Karma
1,Maokai,Khazix,Azir,Ashe,MissFortune
1,Camille,Khazix,Corki,Varus,Braum
1,Maokai,LeeSin,Jayce,Caitlyn,MissFortune
1,Sion,Elise,Zed,Ashe,Zilean
1,Camille,Khazix,Jayce,KogMaw,Brand
1,Rumble,Khazix,Jayce,Varus,Nami
1,Maokai,Khazix,Cassiopeia,Jhin,MissFortune
1,Rumble,Khazix,Corki,Ezreal,Karma
1,Renekton,Elise,Syndra,Jhin,Malzahar
1,Nautilus,Elise,Talon,Ashe,Thresh
1,Maokai,Khazix,Corki,Ashe,Karma
1,Maokai,Rengar,Viktor,Jhin,Nami
1,Maokai,Khazix,Ryze,Jhin,Malzahar
1,Maokai,Rengar,Cassiopeia,Ashe,Zyra
1,Camille,Graves,Ahri,Jhin,Lulu
1,Shen,Rengar,Corki,Ashe,Thresh
1,Maokai,LeeSin,Corki,Jhin,Thresh
1,Nautilus,Graves,Ryze,Ezreal,Karma
1,Rumble,Graves,Zed,Ashe,Karma
1,Rumble,Rengar,Zed,Jhin,TahmKench
1,Gragas,Graves,Corki,Caitlyn,Malzahar
1,Rumble,Graves,Syndra,Jhin,Karma
1,Nautilus,Rengar,Syndra,Ezreal,Karma
1,Kennen,Graves,Corki,Ashe,Malzahar
1,Nautilus,Graves,Cassiopeia,Ezreal,Lulu
1,Nautilus,Graves,Ahri,Jhin,Lulu
1,Maokai,Graves,Ahri,Ashe,Lulu
1,Nautilus,Graves,Vladimir,Ashe,Lulu
1,Nautilus,Rengar,Talon,Jhin,Malzahar
1,Nautilus,Graves,Orianna,Ezreal,Karma
1,Maokai,Gragas,Zed,Ezreal,Lulu
1,Shen,Khazix,Corki,Jhin,Lulu
1,Rumble,Elise,Jayce,Ezreal,Lulu
1,Shen,Khazix,Ryze,Ashe,Karma
1,Nautilus,LeeSin,Viktor,Ezreal,Zyra
1,Poppy,Elise,Orianna,Ashe,Thresh
1,Renekton,Khazix,Ryze,Varus,Zyra
1,Poppy,Rengar,Ryze,Jhin,Zyra
1,Gangplank,Graves,Zilean,Ezreal,Karma
1,Nautilus,LeeSin,Viktor,Jhin,Zyra
1,Jayce,Elise,Taliyah,Ashe,Lulu
1,Poppy,Rengar,Orianna,Ezreal,Karma
1,Nautilus,Elise,Ekko,Caitlyn,Malzahar
1,Nautilus,Elise,Orianna,Varus,Brand
1,Shen,LeeSin,Ryze,Ashe,Karma
1,Rumble,Khazix,Cassiopeia,Lucian,Nami
1,Nautilus,Elise,Syndra,Ezreal,Karma
1,Shen,Rengar,TwistedFate,Ashe,Zyra
1,Gragas,LeeSin,Ahri,Lucian,Braum
1,Nautilus,Elise,Taliyah,Lucian,Nami
1,Nautilus,Elise,Syndra,Ashe,Karma
1,Shen,LeeSin,Ahri,Ashe,Zyra
1,Fizz,Graves,Cassiopeia,Ezreal,Nami
1,Kennen,Elise,Cassiopeia,Lucian,Nautilus
1,Shen,Graves,Cassiopeia,Ashe,Karma
1,Shen,Rengar,Ahri,Ashe,Zyra
1,Nautilus,Graves,Ahri,Ezreal,Karma
1,Nautilus,LeeSin,Syndra,Ezreal,Nami
1,Shen,LeeSin,Ahri,Lucian,Nami
1,Nautilus,Rengar,Orianna,Lucian,Karma
1,Shen,LeeSin,Leblanc,Ezreal,Nami
1,Shen,Elise,Orianna,Ashe,Karma
1,Nautilus,LeeSin,Syndra,Ezreal,Lulu
1,Fizz,Graves,Ahri,Ashe,MissFortune
1,Shen,Elise,Leblanc,Lucian,Karma
1,JarvanIV,LeeSin,Syndra,Varus,Zyra
1,JarvanIV,Elise,Syndra,Varus,Thresh
1,Rumble,LeeSin,Corki,Varus,Malzahar
1,Kennen,LeeSin,Malzahar,Jinx,Karma
1,Shen,LeeSin,Fizz,Varus,Lulu
1,Camille,LeeSin,Karma,Twitch,Lulu
1,Gragas,Graves,Lulu,Twitch,Nami
1,Jayce,Ivern,Orianna,Varus,Zyra
1,Sejuani,Gragas,Karma,Xayah,Blitzcrank
1,JarvanIV,LeeSin,Orianna,Ashe,Thresh
1,Gragas,Elise,Taliyah,Ashe,Karma
1,Camille,Gragas,Syndra,Varus,Zyra
1,Sejuani,LeeSin,Galio,Caitlyn,Braum
1,Kennen,Gragas,Galio,Varus,Zyra
1,Gragas,Khazix,Karma,Ashe,Zyra
1,Rumble,LeeSin,Cassiopeia,Caitlyn,Galio
1,Lucian,Graves,Taliyah,Varus,Thresh
1,Kennen,Gragas,Viktor,Ashe,Lulu
1,Shen,LeeSin,Orianna,Kalista,Thresh
1,Shen,Graves,Orianna,Kalista,Braum
1,JarvanIV,Graves,Viktor,Sivir,Thresh
1,JarvanIV,LeeSin,Orianna,Ashe,Zyra
1,Renekton,Khazix,Taliyah,Ashe,Thresh
1,Kennen,Gragas,Taliyah,Varus,Lulu
1,Kled,Gragas,Taliyah,Varus,Bard
1,Gragas,Khazix,Leblanc,Ashe,Zyra
1,Sejuani,LeeSin,Orianna,Ashe,Braum
1,Rumble,LeeSin,Cassiopeia,Ashe,Braum
1,Kled,Gragas,Galio,Caitlyn,Thresh
1,Kennen,Elise,Viktor,KogMaw,Thresh
1,Rumble,Olaf,Syndra,Varus,Zyra
1,Kled,Khazix,Orianna,Ashe,Zyra
1,Cassiopeia,Gragas,Lucian,Varus,TahmKench
1,JarvanIV,Gragas,Taliyah,Xayah,Taric
1,Rumble,Zac,Lucian,Caitlyn,Braum
1,Rumble,LeeSin,Karma,Varus,TahmKench
1,JarvanIV,Elise,Malzahar,Xayah,TahmKench
1,JarvanIV,LeeSin,Karma,Xayah,Braum
1,Kled,LeeSin,Orianna,Varus,Lulu
1,JarvanIV,LeeSin,Cassiopeia,Ashe,TahmKench
1,Gragas,Khazix,Galio,Ashe,Thresh
1,Kled,LeeSin,Orianna,Varus,Braum
1,Gragas,LeeSin,Taliyah,Xayah,Rakan
1,Rumble,Khazix,Orianna,Xayah,Braum
1,Shen,LeeSin,Cassiopeia,Ashe,Zyra
1,Fiora,Elise,Orianna,Ashe,Bard
1,Shen,Khazix,Galio,Caitlyn,Braum
1,Renekton,Gragas,Taliyah,Twitch,Lulu
1,Fiora,Gragas,Corki,Ashe,Thresh
1,Renekton,LeeSin,Orianna,Jhin,Zyra
1,Gnar,RekSai,Taliyah,Twitch,Braum
1,Gragas,LeeSin,Cassiopeia,Xayah,Braum
1,Rumble,RekSai,Viktor,Ashe,Rakan
1,Shen,LeeSin,Syndra,Kalista,Rakan
1,Jayce,Elise,Taliyah,Twitch,Braum
1,Rumble,RekSai,Leblanc,Ashe,Zyra
1,Rumble,RekSai,Taliyah,Xayah,Alistar
1,JarvanIV,RekSai,Corki,KogMaw,Thresh
1,Jayce,Elise,Lucian,Xayah,Rakan
1,Shen,RekSai,Corki,Varus,TahmKench
1,Renekton,Elise,Kassadin,Xayah,Galio
1,Gnar,Gragas,Corki,Xayah,Rakan
1,JarvanIV,Gragas,Corki,Varus,Braum
1,Shen,Nidalee,Galio,KogMaw,Thresh
1,Yasuo,RekSai,Corki,Kalista,Braum
1,Rumble,RekSai,Taliyah,Kalista,Zyra
1,Jayce,Elise,Syndra,Twitch,Braum
1,Camille,Sejuani,Taliyah,Varus,Braum
1,Camille,RekSai,Galio,KogMaw,Braum
1,JarvanIV,Elise,Kassadin,Xayah,Braum
1,JarvanIV,Sejuani,Karma,Tristana,Braum
1,Camille,LeeSin,Leblanc,Kalista,Kennen
1,Rumble,RekSai,Corki,Xayah,Alistar
1,Rumble,Skarner,Taliyah,KogMaw,Lulu
1,Jax,LeeSin,AurelionSol,Xayah,Thresh
1,Camille,Gragas,Taliyah,Kalista,Blitzcrank
1,JarvanIV,RekSai,Cassiopeia,Ashe,TahmKench
1,JarvanIV,Gragas,Orianna,Xayah,Janna
1,JarvanIV,RekSai,Karma,Twitch,TahmKench
1,JarvanIV,Gragas,Syndra,Xayah,Thresh
1,Jax,Elise,Galio,Tristana,Kennen
1,Renekton,Gragas,Galio,Xayah,Rakan
1,JarvanIV,Maokai,Syndra,Ashe,Zyra
1,Trundle,Elise,Taliyah,Ashe,Morgana
1,Chogath,Gragas,Corki,Jhin,Alistar
1,Maokai,RekSai,Orianna,Xayah,Taric
1,Maokai,Elise,Orianna,Tristana,Alistar
1,Camille,Gragas,Cassiopeia,Ashe,Braum
1,Jax,Elise,Lucian,Xayah,Alistar
1,Kled,Gragas,Cassiopeia,KogMaw,Thresh
1,Malphite,Maokai,Orianna,Xayah,Rakan
1,Maokai,RekSai,Orianna,Kalista,Rakan
1,Gnar,Gragas,Corki,Xayah,Rakan
1,Trundle,JarvanIV,Orianna,Xayah,Rakan
1,Chogath,Gragas,Orianna,Xayah,Thresh
1,Renekton,Jax,Cassiopeia,KogMaw,Thresh
1,Trundle,Gragas,Cassiopeia,Ashe,Zyra
1,Chogath,JarvanIV,Taliyah,Xayah,Rakan
1,Rumble,RekSai,Lucian,Tristana,Alistar
1,Gragas,Khazix,Galio,Xayah,Rakan
1,Trundle,Gragas,Cassiopeia,Kalista,Blitzcrank
1,Rumble,Gragas,Lucian,Kalista,TahmKench
1,Chogath,Gragas,Gangplank,Kalista,Thresh
1,Maokai,Gragas,Corki,Tristana,Rakan
1,Gnar,Gragas,Corki,Tristana,Blitzcrank
1,Trundle,JarvanIV,Corki,Xayah,Rakan
1,Jayce,Gragas,Taliyah,Xayah,Thresh
1,Gnar,Gragas,Leblanc,Xayah,Alistar
1,Maokai,JarvanIV,Corki,Xayah,Rakan
1,JarvanIV,Jax,Galio,Tristana,Taric
1,Sion,Gragas,Corki,Tristana,TahmKench
1,JarvanIV,Lulu,Taliyah,Tristana,Janna
1,Maokai,LeeSin,Kassadin,Xayah,Rakan
1,Maokai,Zac,Karma,Xayah,Rakan
1,Gnar,Khazix,Galio,Tristana,Karma
1,Maokai,Zac,Orianna,Xayah,Rakan
1,Camille,Khazix,Katarina,Ashe,Malzahar
1,Maokai,Khazix,Ryze,Sivir,Karma
1,Maokai,Graves,Corki,Caitlyn,Malzahar
1,Poppy,Elise,Corki,Caitlyn,Zyra
1,Maokai,Olaf,Corki,Varus,MissFortune
1,Nautilus,Graves,Syndra,Caitlyn,Malzahar
1,Maokai,Khazix,Ryze,Jhin,MissFortune
1,Nautilus,Khazix,Ryze,Jhin,Nami
1,Illaoi,Khazix,Ryze,Varus,Karma
1,Gragas,Graves,Cassiopeia,Caitlyn,MissFortune
1,Camille,LeeSin,Corki,Ashe,Karma
1,Maokai,Graves,Ahri,Jhin,Malzahar
1,Shen,Graves,Malzahar,Varus,Karma
1,Maokai,LeeSin,Ekko,Jhin,Malzahar
1,Maokai,Khazix,Ekko,Varus,Malzahar
1,Maokai,Nidalee,Zed,Sivir,Nami
1,Gragas,LeeSin,Orianna,Ashe,Malzahar
1,Maokai,Graves,Ryze,Jhin,Malzahar
1,Gragas,LeeSin,Syndra,Ezreal,Thresh
1,Maokai,LeeSin,Syndra,Jhin,Lulu
1,Maokai,Rengar,Syndra,Jhin,Lulu
1,Nautilus,Rengar,AurelionSol,Ezreal,Karma
1,Shen,LeeSin,Syndra,Ashe,Karma
1,Rumble,LeeSin,Orianna,Ashe,Zyra
1,Fiora,Ivern,Orianna,Jhin,Zyra
1,Poppy,Rengar,Syndra,Ashe,Zyra
1,Poppy,Graves,Syndra,Jhin,Karma
1,Nautilus,Graves,Syndra,Ashe,Nami
1,Nautilus,Graves,Ekko,Ezreal,Braum
1,Nautilus,Khazix,Zilean,Ashe,Malzahar
1,Illaoi,Khazix,Syndra,Ashe,Nami
1,Maokai,LeeSin,Orianna,Ashe,Nami
1,Nautilus,LeeSin,Vladimir,Ezreal,Lulu
1,Ekko,Graves,Syndra,Varus,Nami
1,Nautilus,Elise,Ahri,Ashe,Malzahar
1,Nautilus,Rengar,Ahri,Lucian,Lulu
1,Camille,Khazix,AurelionSol,Ashe,Zyra
1,Nautilus,Graves,Viktor,Jhin,Karma
1,Kennen,LeeSin,Ekko,Varus,Nautilus
1,Nautilus,Khazix,Syndra,Jhin,Malzahar
1,Nautilus,LeeSin,Orianna,Varus,Lulu
1,Rumble,LeeSin,Taliyah,Ashe,Lulu
1,Gragas,LeeSin,Ahri,Ashe,Karma
1,Gragas,LeeSin,Ahri,Ashe,Karma
1,Camille,LeeSin,Orianna,Varus,Malzahar
1,Fizz,Elise,Orianna,Varus,Lulu
1,Shen,Graves,Ahri,Jhin,Zyra
1,Kled,Zac,Ekko,Ashe,Zyra
1,Sejuani,Ivern,Taliyah,Caitlyn,Braum
1,Camille,Rengar,Karma,Twitch,TahmKench
1,Kled,Khazix,Taliyah,Xayah,TahmKench
1,JarvanIV,Elise,Kassadin,Varus,Brand
1,JarvanIV,Gragas,Orianna,Sivir,Thresh
1,Kled,LeeSin,Viktor,Ashe,Karma
1,Shen,Khazix,Leblanc,Ashe,Thresh
1,JarvanIV,Rengar,Karma,Ashe,Brand
1,Shen,Ivern,Orianna,Xayah,Taric
1,Gragas,Zac,Leblanc,Ashe,Karma
1,Camille,Elise,Taliyah,Xayah,Galio
1,Kled,Gragas,Taliyah,Varus,Thresh
1,Renekton,JarvanIV,Vladimir,Caitlyn,Lulu
1,Rumble,Graves,Syndra,Caitlyn,Braum
1,Jayce,Zac,Taliyah,Ashe,Zyra
1,JarvanIV,Gragas,Orianna,Caitlyn,Blitzcrank
1,JarvanIV,Khazix,Viktor,Jhin,Braum
1,JarvanIV,Elise,Orianna,Caitlyn,Thresh
1,Kennen,Gragas,Syndra,Caitlyn,Thresh
1,Camille,Zac,Taliyah,Jhin,Thresh
1,JarvanIV,Ivern,Corki,KogMaw,Lulu
1,JarvanIV,Elise,Viktor,KogMaw,Braum
1,Kennen,Elise,Taliyah,Ashe,Rakan
1,Fiora,Elise,Orianna,Xayah,Thresh
1,Shen,Zac,Corki,Kalista,Rakan
1,Renekton,Ivern,Cassiopeia,Tristana,Karma
1,Gnar,RekSai,Cassiopeia,Tristana,Zyra
1,Shen,Elise,Azir,Kalista,Thresh
1,JarvanIV,Elise,Corki,KogMaw,Braum
1,Camille,Gragas,TwistedFate,Kalista,Braum
1,JarvanIV,RekSai,Corki,Tristana,Janna
1,Jayce,Sejuani,Taliyah,Xayah,Braum
1,Rumble,Sejuani,Taliyah,Jhin,Thresh
1,Jax,JarvanIV,Corki,Ashe,Braum
1,Camille,Gragas,Kassadin,Kalista,Braum
1,Shen,Sejuani,Taliyah,Jhin,Braum
1,JarvanIV,Elise,Cassiopeia,Kalista,Rakan
1,JarvanIV,Elise,Azir,Kalista,Rakan
1,Gnar,Gragas,Orianna,Ashe,Thresh
1,JarvanIV,Elise,Corki,Tristana,Thresh
1,JarvanIV,Elise,Syndra,Kalista,Alistar
1,Jax,RekSai,Taliyah,Varus,Braum
1,Renekton,Sejuani,Velkoz,Varus,Braum
1,Shen,JarvanIV,Kassadin,Tristana,Thresh
1,Camille,Gragas,Malzahar,Varus,Thresh
1,Shen,Chogath,Corki,KogMaw,Janna
1,Chogath,Sejuani,Cassiopeia,Varus,Alistar
1,JarvanIV,Gragas,Cassiopeia,Tristana,Alistar
1,Gnar,Elise,Orianna,Ashe,Thresh
1,Shen,JarvanIV,Kassadin,Twitch,Braum
1,Nautilus,JarvanIV,Malzahar,Ashe,Thresh
1,Maokai,JarvanIV,Corki,Varus,Janna
1,Chogath,Sejuani,Taliyah,Varus,Rakan
1,Maokai,Zac,Lucian,Tristana,Thresh
1,Renekton,Chogath,Cassiopeia,Varus,Thresh
1,Maokai,Gragas,Corki,Tristana,Blitzcrank
1,Gnar,Gragas,Corki,Tristana,Blitzcrank
1,Gnar,Gragas,Corki,Tristana,Braum
1,Shen,Maokai,Vladimir,Xayah,Rakan
1,Shen,Sejuani,Corki,Tristana,Braum
1,Gnar,Sejuani,Syndra,Varus,Braum
1,Poppy,RekSai,Ekko,Ezreal,Karma
1,Maokai,RekSai,Corki,Jhin,MissFortune
1,Poppy,Khazix,Ryze,Ashe,Karma
1,Maokai,Khazix,Orianna,Ezreal,Karma
1,Jayce,Elise,Ekko,Ashe,Malzahar
1,Nautilus,Ivern,Viktor,Varus,Karma
1,Maokai,RekSai,Syndra,Jhin,Bard
1,Shen,Olaf,Karma,Ashe,MissFortune
1,Jayce,Elise,Cassiopeia,Ezreal,Lulu
1,Illaoi,RekSai,Ahri,Jhin,Janna
1,Maokai,Olaf,Syndra,Ashe,Karma
1,Maokai,LeeSin,Cassiopeia,Ezreal,Karma
1,Shen,Olaf,Ryze,Varus,Karma
1,Gangplank,Khazix,Syndra,Jhin,Malzahar
1,Zed,RekSai,Jayce,Jhin,Zyra
1,Shen,Rengar,Syndra,Ashe,MissFortune
1,Maokai,Khazix,Ryze,Varus,Thresh
1,Yorick,Khazix,Syndra,Ashe,Malzahar
1,Renekton,Graves,Syndra,Jhin,Nautilus
1,Irelia,Graves,Syndra,Tristana,Karma
1,Renekton,Khazix,Ekko,Sivir,TahmKench
1,Fiora,RekSai,Ryze,Jhin,Karma
1,Nautilus,Khazix,Jayce,Ashe,Lulu
1,Gragas,Elise,Zilean,Jhin,Lulu
1,Gnar,Elise,Orianna,Ashe,Lulu
1,Renekton,Elise,Syndra,Jhin,Malzahar
1,Fiora,LeeSin,Jayce,Jhin,Thresh
1,Maokai,LeeSin,Syndra,Caitlyn,Zyra
1,Shen,Khazix,Ahri,Ashe,Malzahar
1,Gragas,Khazix,Kassadin,Ashe,Thresh
1,Nautilus,Elise,Ahri,KogMaw,Lulu
1,Fizz,Khazix,Cassiopeia,Lucian,Thresh
1,Maokai,Elise,Syndra,Varus,Thresh
1,Galio,LeeSin,Orianna,Xayah,Rakan
1,Rumble,LeeSin,Leblanc,Twitch,Thresh
1,Poppy,LeeSin,Orianna,Xayah,Rakan
1,Gangplank,Olaf,Ahri,Lucian,Karma
1,Rumble,Gragas,Taliyah,Ashe,Rakan
1,Rumble,Olaf,Orianna,Lucian,Braum
1,Renekton,Khazix,Taliyah,Varus,TahmKench
1,Camille,Gragas,Orianna,Varus,Shen
1,JarvanIV,Elise,Viktor,Kalista,Braum
1,JarvanIV,Elise,Leblanc,Varus,Bard
1,Kled,Khazix,Syndra,Varus,TahmKench
1,Renekton,RekSai,Cassiopeia,Caitlyn,Lulu
1,JarvanIV,Gragas,Viktor,Kalista,Braum
1,Renekton,Olaf,Leblanc,Ashe,Shen
1,Fiora,Elise,Syndra,Ashe,Alistar
1,Rumble,Gragas,Syndra,Jhin,Thresh
1,Lucian,Graves,Taliyah,Ashe,Alistar
1,Camille,Elise,Cassiopeia,Kalista,Braum
1,Kled,LeeSin,Orianna,Varus,Bard
1,Renekton,Gragas,Corki,Varus,Shen
1,Renekton,RekSai,Cassiopeia,Kalista,Alistar
1,Trundle,Sejuani,Orianna,Varus,Thresh
1,Fiora,Chogath,Cassiopeia,Kalista,Shen
1,Chogath,Rengar,Taliyah,KogMaw,Trundle
1,Cassiopeia,Maokai,Lucian,Varus,Alistar
1,Kled,Sejuani,Leblanc,Kalista,Kennen
1,Chogath,Sejuani,Galio,Tristana,Morgana
1,Chogath,JarvanIV,Malzahar,Xayah,Alistar
1,Poppy,Elise,Cassiopeia,Tristana,Braum
1,Trundle,Gragas,Lucian,KogMaw,Janna
1,Maokai,JarvanIV,Orianna,Xayah,Lulu
1,Maokai,RekSai,Syndra,Ezreal,Zyra
1,Poppy,Elise,Taliyah,Varus,Malzahar
1,Maokai,RekSai,Syndra,Varus,Thresh
1,Trundle,RekSai,Ryze,Varus,Malzahar
1,Shen,RekSai,Ryze,Ashe,Zyra
1,Nautilus,Khazix,Taliyah,Varus,Malzahar
1,Camille,Elise,Taliyah,Caitlyn,MissFortune
1,Maokai,Khazix,Corki,Varus,MissFortune
1,Poppy,Khazix,Ryze,Jhin,MissFortune
1,Maokai,Elise,Syndra,Kalista,Thresh
1,Maokai,LeeSin,Corki,Jhin,Malzahar
1,Poppy,Khazix,Syndra,Varus,Malzahar
1,Shen,Khazix,Orianna,Jhin,Karma
1,Nautilus,Elise,Ryze,Varus,Zyra
1,Shen,LeeSin,Ekko,Varus,Karma
1,Nautilus,LeeSin,Corki,Varus,Malzahar
1,Maokai,Khazix,Ryze,Ashe,Malzahar
1,Shen,Khazix,Orianna,Jhin,Bard
1,Fiora,Khazix,Orianna,Varus,Thresh
1,Shen,LeeSin,Cassiopeia,Varus,Lulu
1,Shen,Graves,Corki,Varus,Zyra
1,Shen,Graves,Cassiopeia,Ashe,Karma
1,Nautilus,Ivern,Corki,Varus,Malzahar
1,Poppy,Graves,Syndra,Jhin,Zyra
1,Camille,Graves,Leblanc,Varus,Leona
1,Maokai,Khazix,Corki,Jhin,Zyra
1,Maokai,Khazix,Cassiopeia,Kalista,Malzahar
1,Gragas,Khazix,Taliyah,Varus,Karma
1,Nautilus,Khazix,Corki,Kalista,Thresh
1,Shen,RekSai,Leblanc,Sivir,Zyra
1,Fiora,LeeSin,Taliyah,Sivir,Karma
1,Trundle,Graves,Ekko,Caitlyn,Morgana
1,Gragas,Graves,Ryze,Jhin,Karma
1,Poppy,LeeSin,Cassiopeia,Jhin,Nami
1,Gragas,Ivern,Corki,Jhin,Thresh
1,Gragas,Khazix,Taliyah,Jhin,Karma
1,Maokai,Rengar,Leblanc,Ezreal,Nami
1,Maokai,Ivern,Syndra,Sivir,Lulu
1,Gragas,Graves,Vladimir,Kalista,Thresh
1,Camille,Graves,Ryze,Sivir,Karma
1,Gragas,Graves,Leblanc,Jhin,Nami
1,Nautilus,Graves,Cassiopeia,Sivir,Thresh
1,Renekton,Khazix,Syndra,Sivir,Karma
1,Poppy,Graves,Orianna,Tristana,Karma
1,Gragas,Khazix,Orianna,Tristana,Thresh
1,Rumble,JarvanIV,Jayce,Ziggs,Ashe
1,Rumble,Gragas,Cassiopeia,Sivir,Lulu
1,Nautilus,Graves,Ahri,Ashe,Lulu
1,Graves,Riven,Zed,Twitch,Taric
1,Fizz,LeeSin,Cassiopeia,Ezreal,Karma
1,Fizz,LeeSin,Ahri,Lucian,Karma
1,Poppy,Zac,Syndra,Lucian,Lulu
1,Renekton,Zac,Orianna,Lucian,Morgana
1,Gnar,Evelynn,Syndra,Caitlyn,Brand
1,Shen,Ivern,Vladimir,Lucian,Karma
1,Renekton,Rengar,Cassiopeia,Ashe,Taric
1,Kennen,Rengar,Ahri,Ashe,Karma
1,Nautilus,Graves,Orianna,Ezreal,Karma
1,Fiora,Rengar,Orianna,Vayne,Thresh
1,Camille,Olaf,Karma,Kalista,Braum
1,Fiora,Elise,Orianna,Caitlyn,Braum
1,JarvanIV,LeeSin,Orianna,Caitlyn,Lulu
1,JarvanIV,LeeSin,Taliyah,Xayah,Zyra
1,JarvanIV,Khazix,Viktor,Xayah,Rakan
1,Rumble,Graves,Leblanc,Caitlyn,Thresh
1,Renekton,Elise,Syndra,Ashe,Zyra
1,Kled,LeeSin,Vladimir,Kalista,Thresh
1,JarvanIV,Gragas,Leblanc,Ashe,Zyra
1,Kled,Khazix,Ahri,Xayah,Thresh
1,JarvanIV,Gragas,Orianna,Varus,Thresh
1,Aatrox,Gragas,Orianna,Xayah,Rakan
1,Fiora,Nunu,Fizz,Caitlyn,Zyra
1,Rumble,JarvanIV,Leblanc,Xayah,Rakan
1,Shen,RekSai,Cassiopeia,Kalista,Thresh
1,JarvanIV,Olaf,Katarina,Tristana,Thresh
1,Lucian,RekSai,Orianna,Xayah,Thresh
1,Renekton,Gragas,Taliyah,Kalista,Bard
1,JarvanIV,Zac,Galio,Varus,Karma
1,Fiora,Olaf,Lulu,Caitlyn,Zyra
1,Renekton,Elise,Leblanc,Varus,Blitzcrank
1,Gnar,Gragas,Orianna,Jhin,TahmKench
1,Shen,RekSai,Taliyah,Tristana,Bard
1,Rumble,Gragas,Jayce,Jhin,Alistar
1,JarvanIV,Sejuani,Viktor,Kalista,Thresh
1,JarvanIV,Sejuani,Taliyah,KogMaw,Braum
1,Camille,Sejuani,Orianna,Kalista,Morgana
1,Galio,Sejuani,Syndra,Tristana,TahmKench
1,Gnar,Gragas,Orianna,Caitlyn,Blitzcrank
1,JarvanIV,Maokai,Orianna,KogMaw,Braum
1,Maokai,RekSai,Taliyah,KogMaw,Braum
1,JarvanIV,Gragas,Orianna,KogMaw,Karma
1,Shen,JarvanIV,Jayce,KogMaw,Janna
1,Rumble,RekSai,Galio,Xayah,Thresh
1,Rumble,JarvanIV,Jayce,KogMaw,Lulu
1,Chogath,Sejuani,Lulu,Draven,Alistar
1,Shen,Gragas,Lulu,Vayne,Zilean
1,Shen,JarvanIV,Orianna,Caitlyn,Janna
1,Maokai,Rengar,Corki,Jhin,Blitzcrank
1,Kled,Zac,Corki,Caitlyn,Karma
1,JarvanIV,Sejuani,Corki,Tristana,Janna
1,JarvanIV,Gragas,Lucian,KogMaw,Lulu
1,Kennen,Zac,Jayce,Varus,Thresh
1,JarvanIV,Elise,Galio,Tristana,Lulu
1,JarvanIV,Gragas,Orianna,Tristana,Janna
1,Jax,RekSai,Taliyah,Xayah,Rakan
1,JarvanIV,Sejuani,Galio,KogMaw,Alistar
1,Renekton,JarvanIV,AurelionSol,Xayah,Rakan
1,Chogath,Maokai,Orianna,Tristana,Janna
1,Sion,LeeSin,AurelionSol,Jhin,MissFortune
1,Poppy,RekSai,Taliyah,Kalista,Morgana
1,Poppy,Elise,Zilean,Varus,Zyra
1,Gangplank,LeeSin,Syndra,Jhin,Brand
1,Poppy,Ivern,Corki,Varus,Malzahar
1,Gangplank,LeeSin,Syndra,Ashe,MissFortune
1,Kennen,Elise,Jayce,Varus,Malzahar
1,Maokai,RekSai,Cassiopeia,Varus,Malzahar
1,Irelia,RekSai,Syndra,Varus,Malzahar
1,Illaoi,Ivern,Corki,Varus,Malzahar
1,Fiora,Elise,Corki,MissFortune,Zyra
1,Tryndamere,RekSai,Viktor,Varus,Nami
1,Gragas,Ivern,Corki,Lucian,Braum
1,JarvanIV,Khazix,Syndra,Jhin,Bard
1,Singed,Ivern,Corki,Varus,Karma
1,Camille,RekSai,Ryze,Jhin,Karma
1,Renekton,Elise,Ekko,Varus,Karma
1,Shen,Elise,Ekko,Jhin,Nami
1,Shen,Khazix,Leblanc,Lucian,TahmKench
1,Shen,Khazix,Viktor,Varus,Zyra
1,Rumble,Graves,Orianna,Varus,TahmKench
1,Maokai,Khazix,Malzahar,Jhin,Karma
1,Poppy,Graves,Corki,Jhin,Karma
1,Camille,Rengar,Leblanc,Sivir,Nami
1,Renekton,RekSai,Syndra,Jhin,Zyra
1,Nautilus,Ivern,Viktor,Jhin,Nami
1,Nautilus,Graves,Syndra,Ezreal,Lulu
1,Nautilus,Rengar,Viktor,Jhin,Nami
1,Renekton,LeeSin,Syndra,Jhin,Lulu
1,Rumble,Khazix,Talon,Caitlyn,Nami
1,Shen,Rengar,Vladimir,Ezreal,Lulu
1,TahmKench,Rengar,Vladimir,Ezreal,Lulu
1,Rumble,LeeSin,Viktor,Varus,Braum
1,Gragas,Rengar,Vladimir,Varus,Zyra
1,Rumble,Gragas,Zed,Varus,Zyra
1,Poppy,Elise,Cassiopeia,Ezreal,Nami
1,Shen,LeeSin,Ahri,Caitlyn,Karma
1,Renekton,Olaf,Orianna,Lucian,Malzahar
1,Rumble,Elise,Zed,Caitlyn,Nami
1,Rumble,Graves,Azir,Ashe,Karma
1,Rumble,Gragas,Talon,Ezreal,Nami
1,Shen,LeeSin,Leblanc,Ashe,Nami
1,Renekton,Rengar,Kassadin,Ashe,Malzahar
1,Shen,Rengar,Vladimir,Varus,Nami
1,Renekton,Khazix,Viktor,Ezreal,Zyra
1,Shen,LeeSin,Orianna,Varus,Nami
1,Fizz,Elise,Zed,Ashe,Zyra
1,Kennen,Khazix,Syndra,Ashe,Thresh
1,Poppy,Khazix,Syndra,Ezreal,Nami
1,Renekton,Gragas,Orianna,Ashe,Lulu
1,Renekton,LeeSin,Orianna,Varus,MissFortune
1,Fizz,Graves,Syndra,Varus,Nami
1,Olaf,Gragas,Vladimir,Ashe,TahmKench
1,Renekton,LeeSin,Syndra,Ashe,Rakan
1,Camille,Nidalee,Kassadin,Varus,Thresh
1,Rumble,Khazix,Leblanc,Xayah,TahmKench
1,JarvanIV,LeeSin,Orianna,Varus,Thresh
1,Jayce,Gragas,Taliyah,Ashe,Zyra
1,Gragas,Khazix,Ahri,Kalista,Thresh
1,Rumble,RekSai,Syndra,Caitlyn,Lulu
1,JarvanIV,Nunu,Lucian,Jhin,Blitzcrank
1,Fiora,Elise,Orianna,Varus,Blitzcrank
1,Gragas,LeeSin,Viktor,Caitlyn,Karma
1,Fiora,RekSai,Syndra,Twitch,Thresh
1,Gnar,Gragas,Cassiopeia,Kalista,Bard
1,Kled,Sejuani,Corki,Xayah,Braum
1,Jax,Gragas,Viktor,Caitlyn,Braum
1,Gnar,Sejuani,Galio,Kalista,Alistar
1,Jax,Chogath,Corki,Caitlyn,Braum
1,Gnar,Gragas,Jayce,Kalista,Braum
1,Renekton,Zac,Leblanc,Xayah,Thresh
1,Gnar,Gragas,Zed,Kalista,Rakan
1,JarvanIV,Sejuani,Syndra,Xayah,Rakan
1,Camille,Gragas,Cassiopeia,Sivir,Janna
1,Gnar,Chogath,Orianna,Xayah,Taric
1,Jayce,Sejuani,Viktor,Caitlyn,Taric
1,Fiora,Gragas,Taliyah,Kalista,Alistar
1,JarvanIV,Sejuani,Corki,Kalista,Rakan
1,Jax,Sejuani,Galio,Kalista,Braum
1,Renekton,Elise,Orianna,Kalista,Rakan
1,Shen,Sejuani,Syndra,Kalista,Rakan
1,Kled,Sejuani,Corki,Kalista,Braum
1,Trundle,JarvanIV,Taliyah,Kalista,Braum
1,Gnar,Maokai,Orianna,Kalista,Braum
1,Gnar,Gragas,Taliyah,Ashe,Taric
1,Gnar,Gragas,Karma,Xayah,Rakan
1,Jayce,Gragas,Cassiopeia,Kalista,Kennen
1,Riven,Rammus,Ahri,Xayah,Alistar
1,Jax,JarvanIV,Lucian,KogMaw,Lulu
1,Kled,Gragas,Galio,Twitch,Janna
1,Jax,JarvanIV,Corki,KogMaw,Lulu
1,Lucian,Gragas,Viktor,KogMaw,Lulu
1,Shen,Sejuani,Cassiopeia,Caitlyn,Morgana
1,Trundle,Zac,Jayce,KogMaw,Lulu
1,Rumble,Maokai,Lucian,Xayah,Thresh
1,Jax,JarvanIV,Galio,KogMaw,Braum
1,Fiora,JarvanIV,Cassiopeia,Kalista,Braum
1,Gnar,Gragas,Orianna,Tristana,Janna
1,Gnar,Gragas,Cassiopeia,Xayah,Lulu
1,Jayce,Zac,Viktor,Xayah,Morgana
1,Camille,Zac,KogMaw,Caitlyn,Karma
1,Kennen,Sejuani,Leblanc,Xayah,Rakan
1,Nautilus,Elise,Varus,Jhin,Karma
1,Maokai,Elise,Jayce,Jhin,Malzahar
1,Poppy,Khazix,Syndra,Ashe,MissFortune
1,Kled,Elise,Syndra,Ashe,Nami
1,Nautilus,Khazix,Cassiopeia,Varus,Karma
1,Poppy,Elise,Ryze,Caitlyn,Lulu
1,Ryze,Graves,Jayce,Varus,Taric
1,Nautilus,LeeSin,Cassiopeia,Jhin,Karma
1,Fiora,Elise,Cassiopeia,Ashe,Zyra
1,Maokai,Elise,Ryze,Varus,Nami
1,Jayce,Elise,Cassiopeia,Caitlyn,Thresh
1,Jayce,Elise,Cassiopeia,Jhin,Taric
1,Poppy,Elise,Viktor,Jhin,Zyra
1,Nautilus,LeeSin,Corki,Jhin,Malzahar
1,Nautilus,Ivern,Corki,Varus,Karma
1,Maokai,Graves,Azir,Jhin,Thresh
1,Shen,Ivern,Zed,Jhin,Malzahar
1,Nautilus,Khazix,Syndra,Varus,Zyra
1,Camille,RekSai,Corki,Varus,Malzahar
1,Maokai,Graves,Orianna,MissFortune,Malzahar
1,Nautilus,Khazix,Cassiopeia,Jhin,Taric
1,Jayce,Khazix,Ekko,MissFortune,Karma
1,Fiora,Graves,Syndra,Jhin,TahmKench
1,Shen,Graves,Cassiopeia,Sivir,Karma
1,Ekko,LeeSin,Corki,Caitlyn,Lulu
1,Shen,Graves,Kassadin,Caitlyn,Malzahar
1,Rumble,RekSai,Katarina,Caitlyn,Karma
1,Renekton,Graves,Vladimir,Caitlyn,Karma
1,Poppy,Rengar,Ekko,Ezreal,Karma
1,Nautilus,Graves,Viktor,Lucian,Karma
1,Gragas,Khazix,Syndra,Ashe,Zyra
1,Gragas,Nidalee,Jayce,Ashe,Nami
1,Nautilus,Graves,Syndra,Varus,Zyra
1,Fiora,Graves,Orianna,Caitlyn,Thresh
1,Gragas,LeeSin,Lulu,Xayah,Thresh
1,JarvanIV,Graves,Fizz,Caitlyn,TahmKench
1,Galio,LeeSin,Viktor,Twitch,Karma
1,Shen,Graves,Ahri,KogMaw,Lulu
1,Gangplank,Gragas,Syndra,Varus,MissFortune
1,Shen,Zac,Ekko,Caitlyn,TahmKench
1,Lucian,Olaf,Syndra,Varus,Karma
1,JarvanIV,Graves,Fizz,Xayah,TahmKench
1,Nautilus,Gragas,Orianna,Xayah,Thresh
1,Gragas,Graves,Orianna,Caitlyn,TahmKench
1,Gragas,LeeSin,Viktor,Lucian,Braum
1,Kled,Gragas,Orianna,Varus,TahmKench
1,Renekton,Khazix,Syndra,Xayah,Braum
1,Jayce,Gragas,Leblanc,Caitlyn,TahmKench
1,Kennen,Khazix,Orianna,Caitlyn,Zyra
1,JarvanIV,Nidalee,Orianna,Xayah,Thresh
1,Shen,Graves,Kassadin,Varus,Lulu
1,Renekton,Gragas,Cassiopeia,Twitch,TahmKench
1,Fiora,Gragas,Cassiopeia,Varus,Galio
1,Gragas,Khazix,Cassiopeia,Kalista,Blitzcrank
1,Jax,Gragas,Cassiopeia,Varus,TahmKench
1,Renekton,Elise,Viktor,Caitlyn,Lulu
1,Lucian,Gragas,Fizz,Twitch,Blitzcrank
1,Camille,Gragas,Syndra,Xayah,Braum
1,Kled,RekSai,Orianna,Caitlyn,Braum
1,Gnar,Khazix,Cassiopeia,Varus,Braum
1,Kayle,LeeSin,Orianna,Varus,Blitzcrank
1,Shen,RekSai,Orianna,Varus,Zyra
1,Kled,RekSai,Corki,Jhin,Thresh
1,Camille,Gragas,Cassiopeia,Varus,Blitzcrank
1,Malphite,LeeSin,Orianna,Kalista,TahmKench
1,Jax,RekSai,Cassiopeia,Varus,Blitzcrank
1,Jayce,Gragas,Syndra,Kalista,Thresh
1,Renekton,Elise,Syndra,Varus,Gragas
1,Renekton,RekSai,Leblanc,Varus,Morgana
1,Urgot,Elise,Corki,Caitlyn,Braum
1,Gnar,Khazix,Galio,Kalista,Thresh
1,Renekton,RekSai,Viktor,Varus,Braum
1,JarvanIV,Maokai,Orianna,Jhin,Braum
1,Renekton,Gragas,Cassiopeia,Varus,Braum
1,Trundle,Sejuani,Corki,Twitch,Morgana
1,Renekton,Gragas,Cassiopeia,Xayah,Trundle
1,Maokai,Sejuani,Cassiopeia,Jhin,Taric
1,DrMundo,Gragas,Syndra,Jhin,Trundle
1,Chogath,JarvanIV,Corki,Varus,Morgana
1,Shen,Sejuani,Corki,Varus,Thresh
1,Jax,Sejuani,Corki,Varus,Thresh
1,Chogath,JarvanIV,Corki,Jinx,Braum
1,Nautilus,RekSai,Syndra,Caitlyn,Karma
1,Trundle,Elise,Swain,Caitlyn,Malzahar
1,Maokai,Elise,Ekko,Caitlyn,Zyra
1,Maokai,Rengar,Cassiopeia,Ezreal,Zyra
1,Gangplank,RekSai,Ryze,Varus,Zyra
1,Trundle,Elise,Ryze,Varus,Karma
1,Maokai,Hecarim,Orianna,Caitlyn,Thresh
1,Nautilus,RekSai,Ryze,Varus,MissFortune
1,Maokai,Khazix,Corki,Ezreal,Karma
1,Maokai,Khazix,Orianna,Varus,TahmKench
1,Maokai,LeeSin,Corki,Varus,Malzahar
1,Rumble,Khazix,Syndra,Sivir,Malzahar
1,Darius,Ivern,Syndra,Varus,MissFortune
1,Trundle,Ivern,Syndra,Jhin,Karma
1,Maokai,RekSai,Ryze,Caitlyn,Karma
1,Nautilus,Graves,Corki,Varus,Karma
1,Maokai,LeeSin,Syndra,Varus,MissFortune
1,Shen,Ivern,Corki,Varus,Zyra
1,Shen,RekSai,Corki,Varus,Malzahar
1,Nautilus,Elise,Corki,Jhin,MissFortune
1,Gangplank,Khazix,Orianna,Caitlyn,Karma
1,Maokai,Graves,Ahri,Varus,Karma
1,Shen,Khazix,Syndra,Sivir,Karma
1,Poppy,Ivern,Corki,Varus,Thresh
1,Gragas,LeeSin,Viktor,Varus,Malzahar
1,Renekton,Khazix,Ekko,Jhin,Malzahar
1,Poppy,Ivern,Orianna,Caitlyn,Karma
1,Maokai,Khazix,Cassiopeia,Sivir,Malzahar
1,Fiora,Graves,Corki,Jhin,Karma
1,Kled,Olaf,Ryze,Caitlyn,Karma
1,Poppy,Graves,Corki,Caitlyn,Karma
1,Maokai,Rengar,Leblanc,Ashe,Malzahar
1,Gnar,RekSai,Viktor,Jhin,Karma
1,Fiora,Rengar,Leblanc,Ashe,Malzahar
1,Shen,Graves,Ryze,Jhin,Malzahar
1,Ekko,Rengar,Syndra,Ashe,Karma
1,Renekton,Elise,Viktor,Ezreal,Nami
1,Renekton,Gragas,Ryze,Caitlyn,Lulu
1,Poppy,Ivern,Orianna,Caitlyn,Karma
1,Rumble,Rengar,Talon,Ashe,MissFortune
1,Kled,Warwick,Ekko,Lucian,Gragas
1,Poppy,Elise,Ahri,Ezreal,Velkoz
1,Rumble,Rengar,Orianna,Ezreal,Karma
1,Gragas,Khazix,Ahri,Ezreal,Nami
1,Rumble,Graves,Talon,Caitlyn,Lulu
1,Nautilus,Graves,Cassiopeia,Kalista,Malzahar
1,Shen,Rengar,Vladimir,Kalista,Leona
1,Nautilus,Ivern,Jayce,Ezreal,Karma
1,Nautilus,Elise,Taliyah,Lucian,Sona
1,Shen,LeeSin,Taliyah,Caitlyn,Lulu
1,Nautilus,LeeSin,Taliyah,Kalista,Leona
1,Galio,Elise,Corki,Ashe,Braum
1,Kennen,Ivern,Ekko,Varus,Karma
1,Fiora,Elise,Syndra,Varus,Lulu
1,Galio,Khazix,Viktor,Ashe,Zyra
1,Gragas,Ivern,Ahri,Twitch,Lulu
1,Renekton,Olaf,Ekko,Caitlyn,Lulu
1,Kled,LeeSin,Ahri,Xayah,Blitzcrank
1,TahmKench,LeeSin,Orianna,Ashe,Zyra
1,Gnar,Ivern,Vladimir,Ashe,Karma
1,Galio,Khazix,Cassiopeia,Ashe,Nami
1,Gnar,Elise,Ekko,Varus,Thresh
1,Shen,LeeSin,Orianna,Caitlyn,Sona
1,Gragas,Elise,Talon,Caitlyn,Karma
1,Kled,LeeSin,Orianna,Ashe,Karma
1,Shen,Khazix,Syndra,Ashe,TahmKench
1,JarvanIV,Gragas,Leblanc,Caitlyn,Karma
1,Kled,Elise,Syndra,Varus,Braum
1,Kennen,Graves,Vladimir,Caitlyn,Blitzcrank
1,Kled,LeeSin,Leblanc,Jhin,Braum
1,JarvanIV,LeeSin,Leblanc,Varus,Blitzcrank
1,Camille,LeeSin,Leblanc,Xayah,Karma
1,Kennen,Gragas,Orianna,Caitlyn,Braum
1,Kled,Elise,Leblanc,Varus,Thresh
1,Camille,Gragas,Leblanc,Xayah,Rakan
1,Camille,Gragas,Syndra,Lucian,Thresh
1,Gragas,Elise,Ekko,Tristana,TahmKench
1,Renekton,Elise,Taliyah,Jhin,Thresh
1,Camille,Elise,Jayce,Tristana,Morgana
1,Renekton,RekSai,Syndra,Tristana,Thresh
1,Poppy,Gragas,Vladimir,Kalista,Thresh
1,Gnar,RekSai,Vladimir,Xayah,Thresh
1,Jayce,Gragas,Cassiopeia,Tristana,Thresh
1,Renekton,RekSai,Ekko,Kalista,Rakan
1,Kled,Sejuani,Corki,Kalista,Alistar
1,JarvanIV,Gragas,Taliyah,Xayah,Braum
1,Shen,Gragas,Leblanc,Kalista,Thresh
1,Camille,Gragas,Cassiopeia,Tristana,Alistar
1,Kled,Gragas,Corki,KogMaw,Braum
1,Camille,Elise,Galio,Jhin,Thresh
1,Renekton,Nidalee,Galio,KogMaw,Thresh
1,Gnar,Elise,Orianna,Jhin,Thresh
1,Chogath,Maokai,Taliyah,Tristana,Trundle
1,Shen,Gragas,Leblanc,Xayah,Alistar
1,Chogath,Gragas,Orianna,Sivir,Braum
1,Chogath,Gragas,Syndra,Tristana,Blitzcrank
1,Camille,Sejuani,Kassadin,Kalista,Trundle
1,Renekton,Gragas,Taliyah,Tristana,Zyra
1,Trundle,Kayn,Karthus,Kalista,Alistar
1,Chogath,Elise,Taliyah,Tristana,Braum
1,Chogath,RekSai,Syndra,Tristana,Blitzcrank
1,XinZhao,Sejuani,Zed,KogMaw,Braum
1,Rumble,Gragas,Galio,Kalista,Rakan
1,Fiora,Sejuani,Corki,Tristana,Morgana
1,Renekton,Maokai,Taliyah,Xayah,Rakan
1,Renekton,Elise,Taliyah,Tristana,Janna
1,Rumble,Gragas,Cassiopeia,Kalista,Rakan
1,DrMundo,JarvanIV,Syndra,Kalista,Thresh
1,Chogath,Maokai,Syndra,Sivir,Thresh
1,Kennen,JarvanIV,Leblanc,Tristana,Alistar
1,Maokai,Gragas,Lucian,Xayah,Blitzcrank
1,Poppy,Elise,Syndra,Jhin,Thresh
1,Maokai,RekSai,Ryze,Caitlyn,Zyra
1,Camille,Olaf,Ryze,Jhin,Thresh
1,Poppy,Elise,Cassiopeia,Ashe,Karma
1,Jax,LeeSin,Corki,Varus,TahmKench
1,Maokai,RekSai,Cassiopeia,Varus,Zyra
1,Nautilus,Khazix,Ekko,Kalista,Malzahar
1,Nautilus,LeeSin,Jayce,Varus,Zyra
1,Trundle,LeeSin,Orianna,Varus,Zyra
1,Nautilus,LeeSin,Syndra,Varus,Thresh
1,Gragas,Khazix,Ryze,Jhin,Karma
1,Poppy,RekSai,Syndra,Jhin,Zyra
1,Rumble,Khazix,Syndra,Jhin,TahmKench
1,Maokai,LeeSin,Orianna,Caitlyn,Malzahar
1,Camille,Ivern,Leblanc,Jhin,Karma
1,Maokai,Khazix,Corki,Jhin,Leona
1,Maokai,Olaf,Corki,Sivir,Karma
1,Shen,Elise,Jayce,Caitlyn,Nami
1,TahmKench,Khazix,Orianna,Jhin,Zyra
1,Maokai,Rengar,Syndra,Jhin,Lulu
1,Camille,Graves,Syndra,Ezreal,Thresh
1,Sion,Elise,Zed,Jhin,Leona
1,TahmKench,Graves,Orianna,Jhin,Thresh
1,Shen,LeeSin,Ahri,Sivir,Karma
1,Gragas,Khazix,Syndra,Jhin,Karma
1,Gnar,Olaf,Vladimir,Jhin,Rengar
1,Sion,Rengar,Cassiopeia,Ezreal,Zyra
1,Shen,Ivern,AurelionSol,Lucian,Zyra
1,Nautilus,Khazix,Ahri,Lucian,Thresh
1,Singed,LeeSin,Ekko,Ezreal,Thresh
1,Camille,Vi,Ahri,Ezreal,Thresh
1,Camille,Elise,Taliyah,Varus,Brand
1,Nautilus,Elise,Orianna,Lucian,Brand
1,Poppy,Elise,Taliyah,Lucian,Lulu
1,Fiora,Sejuani,Galio,Varus,Zyra
1,Galio,LeeSin,AurelionSol,Ashe,TahmKench
1,JarvanIV,LeeSin,Orianna,Ashe,Zyra
1,Gragas,Graves,Orianna,Twitch,Karma
1,Kennen,Ivern,Galio,Xayah,Thresh
1,Urgot,Elise,Velkoz,Caitlyn,Thresh
1,Gragas,LeeSin,Syndra,Xayah,Braum
1,Kled,LeeSin,Syndra,Xayah,Rakan
1,Fiora,Sejuani,Orianna,Caitlyn,Thresh
1,Renekton,Elise,Galio,Caitlyn,Thresh
1,Gragas,Graves,Zed,Caitlyn,Morgana
1,Fiora,Zac,Orianna,Xayah,Thresh
1,Pantheon,LeeSin,Orianna,Varus,Lulu
1,Camille,LeeSin,Orianna,Varus,Lulu
1,Poppy,LeeSin,Syndra,Ashe,Lulu
1,Fiora,Khazix,Cassiopeia,Caitlyn,Braum
1,Fiora,Khazix,Syndra,Sivir,Nami
1,Kennen,Gragas,Leblanc,Caitlyn,Thresh
1,Poppy,LeeSin,Leblanc,Jhin,Braum
1,Shen,Ivern,Orianna,Varus,Alistar
1,JarvanIV,RekSai,Syndra,Varus,Braum
1,Shen,Gragas,Ziggs,Ashe,Thresh
1,Renekton,Elise,Syndra,Varus,TahmKench
1,Renekton,Sejuani,Orianna,Varus,Zyra
1,Camille,LeeSin,Taliyah,Varus,Braum
1,Shen,Gragas,Viktor,Caitlyn,Braum
1,JarvanIV,Gragas,Ziggs,Ashe,Braum
1,Fiora,Khazix,Corki,Varus,Braum
1,Galio,Maokai,Heimerdinger,Sivir,Janna
1,Camille,Maokai,Galio,Tristana,Janna
1,Chogath,Maokai,Ziggs,Jhin,Janna
1,Shen,Sejuani,Lucian,Varus,Braum
1,Gragas,JarvanIV,Orianna,Kalista,Janna
1,Shen,Maokai,Zilean,KogMaw,Janna
1,Gnar,RekSai,Cassiopeia,Xayah,Rakan
1,Shen,JarvanIV,Cassiopeia,Xayah,Rakan
1,Maokai,Elise,Jayce,Varus,Thresh
1,Maokai,RekSai,Corki,Ashe,Malzahar
1,Maokai,Nocturne,Syndra,Ashe,Lulu
1,Shen,Rammus,Cassiopeia,Jhin,Nami
1,Shen,Khazix,Orianna,Ashe,Brand
1,Fiora,RekSai,Ryze,Jhin,Karma
1,Shen,Ivern,Corki,Ashe,Bard
1,Poppy,RekSai,Taliyah,Varus,Thresh
1,Shen,Olaf,Orianna,Varus,Karma
1,Shen,Khazix,Cassiopeia,Jhin,Zyra
1,Shen,Khazix,Ryze,Jhin,Malzahar
1,Maokai,Khazix,Ryze,Jhin,Blitzcrank
1,Camille,RekSai,Orianna,MissFortune,TahmKench
1,Gangplank,Graves,Cassiopeia,Jhin,Malzahar
1,Poppy,Khazix,Anivia,Jhin,MissFortune
1,Shen,Khazix,Ahri,Sivir,Karma
1,Nautilus,Rammus,Syndra,Caitlyn,Lulu
1,Gragas,Graves,Syndra,Jhin,Alistar
1,Renekton,Ivern,Cassiopeia,Ashe,Malzahar
1,Rumble,LeeSin,Ahri,Kalista,Alistar
1,Nautilus,Elise,Zed,Ashe,TahmKench
1,Kled,Khazix,Vladimir,Ashe,Nami
1,Fiora,RekSai,Cassiopeia,Ashe,Nautilus
1,Renekton,Rengar,Ahri,Ashe,Malzahar
1,Kled,Rengar,Cassiopeia,Jhin,Karma
1,Gnar,Khazix,Syndra,Ashe,Malzahar
1,Renekton,Khazix,Ahri,Ezreal,Zyra
1,Nautilus,Graves,Viktor,Ashe,Bard
1,Nautilus,Khazix,Kayle,Tristana,Alistar
1,Nautilus,Khazix,Ahri,Lucian,Braum
1,Rumble,Ivern,Talon,Ashe,Zyra
1,Renekton,Khazix,Cassiopeia,Ashe,Zyra
1,Gragas,RekSai,Viktor,Caitlyn,Thresh
1,Gragas,Warwick,Ahri,Varus,Alistar
1,Shen,RekSai,Leblanc,Varus,Braum
1,Kled,LeeSin,Leblanc,Caitlyn,Bard
1,Swain,Elise,Lucian,Caitlyn,Morgana
1,Renekton,RekSai,Corki,Caitlyn,Braum
1,Shen,Hecarim,Orianna,Jhin,TahmKench
1,Rumble,RekSai,Taliyah,Varus,Blitzcrank
1,Rumble,RekSai,Ahri,Caitlyn,Alistar
1,Fiora,Warwick,Taliyah,Jhin,Thresh
1,Fiora,Sejuani,Malzahar,Varus,Braum
1,Gnar,Gragas,Syndra,Jhin,Braum
1,Gnar,Elise,Syndra,Ashe,Blitzcrank
1,Kled,RekSai,Orianna,Xayah,Rakan
1,Jax,Gragas,Taliyah,Jhin,Braum
1,JarvanIV,Gragas,Taliyah,Kalista,Braum
1,Shen,Hecarim,Syndra,Kalista,Maokai
1,JarvanIV,Elise,Orianna,Kalista,Thresh
1,Gnar,RekSai,Taliyah,Caitlyn,Thresh
1,Trundle,RekSai,Taliyah,Jhin,Alistar
1,Shen,Sejuani,Cassiopeia,Varus,TahmKench
1,Trundle,RekSai,Taliyah,Jhin,Galio
1,Jayce,Maokai,Vladimir,Varus,Alistar
1,Galio,JarvanIV,Orianna,Tristana,Thresh
1,Camille,Gragas,Ahri,Sivir,Rakan
1,JarvanIV,Gragas,Vladimir,Varus,Thresh
1,Chogath,Kayn,Anivia,Xayah,Janna
1,JarvanIV,Kayn,Syndra,Xayah,Blitzcrank
1,JarvanIV,Poppy,Viktor,Xayah,Janna
1,Camille,Sejuani,Ziggs,Varus,Alistar
1,Chogath,Gragas,Corki,Twitch,Janna
1,Nautilus,Ezreal,Ryze,Xayah,Janna
1,Chogath,JarvanIV,Orianna,Twitch,Rakan
1,Maokai,JarvanIV,Syndra,Twitch,Lulu
1,Jayce,JarvanIV,Fizz,Twitch,Lulu
1,Galio,Nocturne,Kassadin,Tristana,Lulu
1,Shen,Gragas,Syndra,Xayah,Rakan
1,Nasus,Gragas,Galio,Varus,Janna
1,Urgot,Kayn,Syndra,Ashe,Lulu
1,JarvanIV,Gragas,Ryze,Varus,Rakan
1,Chogath,RekSai,Syndra,Twitch,Rakan
1,Shen,JarvanIV,Taliyah,Varus,Janna
1,Gnar,Elise,Syndra,Sivir,Lulu
1,Chogath,Gragas,Taliyah,Varus,Taric
1,Galio,JarvanIV,Syndra,Tristana,Janna
1,Trundle,Ezreal,Syndra,Tristana,Lulu
1,Chogath,Sejuani,Galio,Vayne,Lulu
1,Chogath,JarvanIV,Yasuo,Varus,Janna
1,Gnar,Gragas,Syndra,Tristana,Lulu
1,Trundle,Sejuani,Orianna,KogMaw,Janna
1,Chogath,Gragas,Corki,Caitlyn,Janna
1,Renekton,Sejuani,Corki,KogMaw,Janna
1,Chogath,Sejuani,Lucian,KogMaw,Lulu
1,Kennen,Sejuani,Malzahar,Tristana,Rakan
1,Shen,Sejuani,Taliyah,Tristana,Taric
1,JarvanIV,Ivern,Orianna,Tristana,Leona
1,Trundle,JarvanIV,Ryze,Tristana,Braum
1,Chogath,Sejuani,Ryze,Tristana,Soraka
1,Maokai,JarvanIV,Syndra,Tristana,Soraka
1,Shen,JarvanIV,Corki,Twitch,Soraka
1,Singed,JarvanIV,Taliyah,Tristana,Janna
1,Chogath,JarvanIV,Taliyah,KogMaw,Rakan
1,Gnar,JarvanIV,Galio,Caitlyn,Lulu
1,Shen,Gragas,Taliyah,Varus,Taric
1,Galio,Graves,Syndra,Varus,MissFortune
1,Nautilus,Ivern,Ryze,Caitlyn,Karma
1,Kled,Graves,Kassadin,Ashe,Malzahar
1,Jayce,Nunu,Fizz,KogMaw,Lulu
1,Kennen,Ivern,Orianna,Twitch,Nami
1,Rumble,Elise,Jayce,Ashe,TahmKench
1,Rumble,LeeSin,Orianna,Twitch,TahmKench
1,Galio,Khazix,Zed,Ziggs,Malzahar
1,Galio,Graves,Fizz,Ashe,Sona
1,Kled,LeeSin,Fizz,KogMaw,Galio
1,Gragas,Nunu,Orianna,Caitlyn,Braum
1,Shen,Elise,Lucian,Ashe,Zyra
1,Fizz,Olaf,Cassiopeia,Twitch,Braum
1,Rumble,Olaf,Viktor,Ashe,Taric
1,Rumble,Olaf,Leblanc,Twitch,TahmKench
1,Fiora,Elise,Ekko,Jhin,Malzahar
1,Shen,Elise,Syndra,Ashe,TahmKench
1,Gragas,Graves,Syndra,Ashe,TahmKench
1,Camille,Khazix,Corki,Varus,Thresh
1,Maokai,Elise,Zed,Jhin,Karma
1,Maokai,Khazix,Cassiopeia,Jhin,Malzahar
1,Maokai,Khazix,Cassiopeia,Varus,Malzahar
1,Maokai,Graves,Corki,Jhin,Leona
1,Poppy,Rengar,Corki,Ashe,Karma
1,Shen,Khazix,Zed,Varus,Zyra
1,Gangplank,Rengar,Cassiopeia,Jhin,Thresh
1,Maokai,Rengar,Ahri,Jhin,Zyra
1,Maokai,Ivern,Cassiopeia,Sivir,Malzahar
1,Nautilus,Khazix,Ryze,Jhin,Malzahar
1,Rumble,RekSai,Orianna,Varus,TahmKench
1,Rumble,RekSai,Corki,Kalista,Thresh
1,Jax,RekSai,Orianna,Kalista,Rakan
1,Jayce,Gragas,Viktor,Kalista,Alistar
1,Kled,Elise,Cassiopeia,Jinx,Thresh
1,Camille,LeeSin,Cassiopeia,Kalista,Rakan
1,Renekton,LeeSin,Corki,Kalista,Braum
1,Renekton,Elise,Taliyah,Jhin,Blitzcrank
1,Kled,JarvanIV,Galio,KogMaw,Lulu
1,Kled,RekSai,Taliyah,Kalista,Rakan
1,Camille,Olaf,Orianna,Jhin,Thresh
1,Kennen,Elise,Syndra,Kalista,Thresh
1,JarvanIV,RekSai,Cassiopeia,Twitch,Thresh
1,Gnar,RekSai,Leblanc,Xayah,Bard
1,Kennen,RekSai,Fizz,Kalista,Thresh
1,Camille,Warwick,Cassiopeia,Xayah,Karma
1,Renekton,RekSai,Taliyah,Jinx,Thresh
1,Renekton,Elise,Viktor,Tristana,Karma
1,JarvanIV,Elise,Galio,Tristana,TahmKench
1,Renekton,Gragas,Leblanc,Caitlyn,Blitzcrank
1,Kled,LeeSin,Corki,Twitch,Thresh
1,Kled,Khazix,Orianna,Ashe,Blitzcrank
1,Galio,LeeSin,Syndra,Corki,Braum
1,Gnar,Ivern,Vladimir,Xayah,Rakan
1,Renekton,LeeSin,Kassadin,Kalista,Braum
1,Gnar,Khazix,Galio,Caitlyn,Lulu
1,JarvanIV,Elise,Cassiopeia,Caitlyn,Bard
1,Gnar,Khazix,Leblanc,Ashe,Braum
1,Gragas,LeeSin,Orianna,Ashe,Thresh
1,Gragas,Khazix,Kassadin,Ashe,Thresh
1,Renekton,RekSai,Galio,Tristana,Blitzcrank
1,Shen,Nunu,Syndra,Caitlyn,Thresh
1,Gnar,LeeSin,Cassiopeia,Tristana,Braum
1,Jax,LeeSin,Corki,Jhin,Thresh
1,Fiora,Gragas,Leblanc,Tristana,Blitzcrank
1,Kennen,RekSai,Cassiopeia,Tristana,Alistar
1,Camille,RekSai,Corki,Xayah,Thresh
1,Rumble,RekSai,Syndra,Varus,Blitzcrank
1,JarvanIV,Gragas,Cassiopeia,Tristana,Thresh
1,Gnar,LeeSin,Corki,Caitlyn,Trundle
1,Jax,Elise,Fizz,Jhin,Braum
1,Shen,RekSai,Ziggs,Ashe,Thresh
1,Fiora,RekSai,Taliyah,Jhin,Zyra
1,JarvanIV,Elise,Karma,Varus,Zyra
1,Gnar,Warwick,Cassiopeia,Varus,TahmKench
1,Rumble,Elise,Taliyah,Caitlyn,Alistar
1,Fiora,Khazix,Syndra,Caitlyn,Thresh
1,Kennen,Elise,Orianna,Varus,TahmKench
1,Jax,Elise,Jayce,Caitlyn,TahmKench
1,Renekton,Ivern,Corki,Caitlyn,Blitzcrank
1,Shen,LeeSin,Orianna,Jhin,Thresh
1,Sion,Gragas,Taliyah,Tristana,Lulu
1,Camille,Gragas,Orianna,Varus,Braum
1,Maokai,Ivern,Corki,Caitlyn,Malzahar
1,Shen,Graves,Ryze,Ezreal,Karma
1,Gnar,Gragas,Kassadin,Sivir,Karma
1,Fiora,RekSai,Vladimir,Ashe,Soraka
1,Gnar,RekSai,Viktor,Twitch,Soraka
1,Rumble,RekSai,Varus,Jhin,Karma
1,Rumble,RekSai,Taliyah,Sivir,Karma
1,Gangplank,Elise,Taliyah,Sivir,Braum
1,Gnar,Hecarim,Morgana,Twitch,Janna
1,Shen,Hecarim,Leblanc,Sivir,Janna
1,Shen,Elise,Viktor,Ashe,Karma
1,Shen,LeeSin,Vladimir,Ashe,Nami
1,Nautilus,Graves,Orianna,Ashe,Nami
1,Rumble,LeeSin,Jayce,Jhin,Zyra
1,Camille,LeeSin,Kayle,Ezreal,Lulu
1,Renekton,Rengar,Syndra,Varus,Zyra
1,Nautilus,Rengar,Vladimir,Lucian,Karma
1,Renekton,LeeSin,Orianna,Varus,Zyra
1,Renekton,Rengar,Ahri,Jinx,Zyra
1,Rumble,LeeSin,Syndra,Caitlyn,Zyra
1,Ekko,Hecarim,Swain,Sivir,Alistar
1,Ekko,Hecarim,Karma,Lucian,Alistar
1,Rumble,Hecarim,Swain,Lucian,Karma
1,Gangplank,Gragas,Vladimir,Jhin,Trundle
1,Gnar,Gragas,Cassiopeia,Ashe,Karma
1,Gangplank,RekSai,Cassiopeia,Sivir,Trundle
1,Ekko,RekSai,Vladimir,Ashe,Trundle
1,Ekko,RekSai,Syndra,Ashe,Trundle
1,Gnar,RekSai,Karma,Sivir,Trundle
1,Ekko,Gragas,Varus,Ashe,TahmKench
1,Gnar,Hecarim,Lissandra,Sivir,Bard
1,Rumble,Graves,Ahri,Varus,Malzahar
1,Nautilus,LeeSin,Syndra,Ezreal,Lulu
1,Kled,LeeSin,Syndra,Ezreal,Zyra
1,Rumble,Khazix,Ahri,Varus,Lulu
1,Nautilus,LeeSin,Viktor,Varus,Karma
1,Renekton,Rengar,Zilean,Lucian,Zyra
1,Akali,LeeSin,Leblanc,Varus,Braum
1,Jayce,Graves,Syndra,Ashe,Nautilus
1,Nautilus,Khazix,Katarina,Ezreal,Karma
1,Shen,RekSai,Vladimir,Jhin,Bard
1,Trundle,RekSai,Lissandra,Sivir,Braum
1,Gangplank,Gragas,Vladimir,Ashe,Bard
1,Gangplank,Elise,Syndra,Jhin,Trundle
1,Shen,RekSai,Vladimir,Sivir,Braum
1,Gnar,Gragas,Taliyah,Ezreal,Braum
1,Shen,RekSai,Cassiopeia,Jhin,Braum
1,Fizz,LeeSin,Karma,Caitlyn,Malzahar
1,Fizz,LeeSin,Vladimir,Jhin,Zyra
1,Gragas,LeeSin,Leblanc,Ezreal,Lulu
1,Gragas,Jayce,Cassiopeia,Ashe,Lulu
1,Renekton,Elise,Syndra,Varus,Lulu
1,Jayce,Elise,Syndra,Ezreal,Lulu
1,Singed,Graves,Corki,Ashe,Thresh
1,Gragas,LeeSin,Cassiopeia,Jhin,Zyra
1,Gragas,Khazix,Cassiopeia,Varus,Lulu
1,Shen,RekSai,Cassiopeia,Ashe,Braum
1,Shen,Hecarim,Ryze,Ashe,Trundle
1,Ekko,RekSai,Gangplank,Ashe,Braum
1,Nautilus,Graves,Viktor,Caitlyn,Malzahar
1,Kled,RekSai,Vladimir,Caitlyn,Lulu
1,Gragas,Graves,Ahri,Ashe,Nami
1,Shen,Elise,Syndra,Ezreal,Nami
1,Nautilus,Graves,Viktor,Caitlyn,Nami
1,Shen,Khazix,Orianna,Lucian,Lulu
1,Nautilus,Ivern,Viktor,Caitlyn,Lulu
