winTeam,loseTeam,gamelength
C9,TSM,37
P1,FOX,25
TL,CLG,44
FLY,NV,37
FOX,IMT,49
IMT,FOX,44
DIG,P1,39
P1,DIG,53
DIG,P1,37
TSM,IMT,53
IMT,TSM,51
TSM,IMT,39
CLG,NV,52
TL,FLY,45
FLY,TL,36
FLY,CLG,43
TSM,DIG,30
C9,IMT,40
P1,NV,42
TSM,TL,42
TL,TSM,43
TSM,TL,46
DIG,FOX,31
FOX,DIG,50
P1,TL,32
FOX,FLY,30
FLY,FOX,31
FOX,FLY,41
NV,IMT,39
IMT,NV,34
C9,CLG,37
CLG,C9,33
C9,CLG,50
P1,IMT,43
NV,TL,39
CLG,TSM,28
TSM,CLG,26
FLY,DIG,32
TL,FOX,40
C9,NV,34
P1,TSM,33
TSM,P1,49
CLG,DIG,41
FLY,IMT,30
C9,FOX,46
C9,TL,45
TL,C9,32
C9,TL,41
IMT,DIG,51
FOX,CLG,31
FLY,P1,28
TSM,NV,25
IMT,TL,43
CLG,P1,46
P1,CLG,36
CLG,P1,45
FOX,TSM,31
DIG,NV,34
DIG,FLY,31
P1,NV,30
CLG,IMT,27
IMT,CLG,50
CLG,IMT,35
TL,DIG,42
DIG,TL,36
NV,FOX,35
IMT,FOX,40
P1,C9,44
TL,CLG,35
CLG,TL,30
IMT,TL,40
TL,IMT,35
P1,CLG,25
CLG,P1,27
C9,FOX,27
FLY,NV,38
NV,FLY,35
FLY,NV,31
TSM,CLG,47
P1,DIG,35
DIG,P1,27
P1,DIG,29
TSM,DIG,28
FOX,TL,34
TL,FOX,50
FOX,TL,29
C9,FLY,40
IMT,NV,41
NV,IMT,47
C9,TL,35
P1,FLY,47
DIG,CLG,40
NV,TSM,33
TSM,NV,28
IMT,FLY,26
P1,FOX,28
CLG,C9,49
C9,CLG,36
CLG,C9,41
FOX,DIG,57
DIG,FOX,40
IMT,TSM,30
TSM,IMT,37
TL,NV,39
NV,TL,27
TL,NV,41
DIG,TL,28
CLG,FOX,39
TSM,FLY,26
P1,TL,39
TSM,FOX,29
P1,IMT,26
CLG,FLY,33
NV,C9,38
C9,NV,43
C9,DIG,46
FLY,FOX,40
IMT,CLG,36
TL,TSM,30
TSM,TL,30
TL,TSM,32
C9,P1,36
FOX,NV,36
NV,FOX,37
FOX,NV,43
TSM,P1,32
DIG,IMT,65
FLY,TL,36
CLG,NV,67
P1,DIG,35
CLG,FLY,40
FLY,CLG,45
FLY,CLG,36
C9,P1,34
FLY,P1,34
FLY,P1,36
P1,FLY,45
TSM,C9,23
C9,TSM,48
C9,CLG,38
CLG,C9,42
IMT,P1,31
CLG,TL,27
FOX,FLY,33
TSM,C9,43
DIG,NV,35
NV,DIG,41
DIG,NV,53
IMT,TSM,38
NV,P1,43
P1,NV,40
NV,P1,37
DIG,FLY,35
FOX,TL,28
C9,P1,36
NV,IMT,34
DIG,TSM,37
TSM,DIG,46
DIG,TSM,37
IMT,FLY,47
FLY,IMT,33
IMT,FLY,34
NV,TL,37
TL,NV,41
NV,TL,43
C9,FOX,24
DIG,TL,34
TL,DIG,47
CLG,TSM,39
TSM,CLG,30
FLY,P1,26
IMT,TL,27
FOX,NV,43
TSM,TL,32
IMT,C9,50
TSM,NV,41
C9,FLY,34
DIG,FOX,51
FOX,DIG,40
DIG,FOX,29
IMT,CLG,34
P1,FOX,37
TSM,FLY,30
CLG,NV,35
NV,CLG,32
CLG,NV,35
C9,TL,34
IMT,DIG,24
TSM,FOX,32
TL,P1,34
P1,TL,51
TL,P1,29
C9,DIG,29
FLY,NV,51
NV,FLY,32
C9,TSM,30
P1,NV,37
NV,P1,50
P1,NV,58
TSM,IMT,42
CLG,C9,36
C9,CLG,31
CLG,C9,32
FOX,TL,34
TL,FOX,29
FOX,TL,38
P1,IMT,32
FLY,FOX,32
NV,DIG,41
DIG,NV,27
NV,DIG,32
CLG,TL,30
CLG,FLY,44
IMT,FOX,35
TSM,P1,30
DIG,CLG,30
NV,C9,39
FLY,TL,35
C9,IMT,37
IMT,C9,38
DIG,P1,24
P1,DIG,25
DIG,P1,31
TSM,TL,34
FOX,NV,32
NV,FOX,35
C9,P1,27
P1,C9,34
C9,P1,31
TL,NV,34
NV,TL,35
TL,NV,40
DIG,TSM,36
CLG,FOX,29
FLY,IMT,42
IMT,FLY,28
TL,P1,29
DIG,C9,24
C9,DIG,41
NV,FLY,43
FOX,P1,39
IMT,TL,30
TSM,FLY,31
CLG,NV,31
DIG,IMT,39
IMT,DIG,38
DIG,IMT,27
TL,C9,35
C9,TL,28
C9,FLY,31
CLG,P1,29
P1,CLG,27
TSM,NV,46
NV,TSM,55
TSM,NV,44
IMT,NV,28
TSM,P1,35
C9,NV,36
IMT,FOX,24
FLY,TL,37
TL,FLY,38
FLY,TL,44
C9,FOX,29
TSM,CLG,31
FLY,P1,29
DIG,C9,40
CLG,NV,35
CLG,NV,36
IMT,CLG,42
IMT,CLG,28
TSM,DIG,35
DIG,TSM,37
CLG,DIG,36
TSM,IMT,38
IMT,TSM,34
TSM,IMT,46
FLY,DIG,38
FLY,DIG,30
FLY,CLG,30
CLG,FLY,31
C9,CLG,36
H2K,OG,43
G2,FNC,43
FNC,G2,50
G2,FNC,46
MSF,GIA,27
MSF,GIA,37
UOL,VIT,33
G2,ROC,36
H2K,SPY,30
MSF,ROC,33
SPY,VIT,41
SPY,VIT,28
GIA,FNC,38
FNC,GIA,41
H2K,UOL,33
UOL,H2K,42
MSF,G2,44
G2,MSF,43
VIT,OG,31
GIA,ROC,35
ROC,GIA,40
GIA,ROC,41
SPY,UOL,46
UOL,SPY,37
MSF,FNC,34
VIT,H2K,35
H2K,VIT,30
G2,GIA,45
SPY,OG,42
ROC,FNC,45
UOL,GIA,28
G2,H2K,44
H2K,G2,31
G2,H2K,46
MSF,SPY,39
MSF,SPY,35
FNC,VIT,31
VIT,FNC,40
FNC,VIT,41
H2K,ROC,48
G2,OG,26
G2,OG,34
G2,UOL,40
G2,UOL,41
FNC,SPY,27
SPY,FNC,44
MSF,VIT,33
H2K,GIA,38
SPY,ROC,38
FNC,OG,31
MSF,UOL,43
H2K,FNC,28
H2K,FNC,29
G2,VIT,34
SPY,GIA,31
MSF,OG,31
UOL,ROC,26
ROC,OG,55
G2,SPY,35
FNC,UOL,49
UOL,FNC,36
ROC,VIT,50
H2K,MSF,35
GIA,OG,29
OG,GIA,53
GIA,OG,36
FNC,ROC,43
ROC,FNC,38
G2,MSF,32
MSF,G2,37
ROC,GIA,40
SPY,OG,32
SPY,OG,34
SPY,VIT,36
G2,GIA,35
ROC,MSF,35
UOL,OG,31
SPY,UOL,35
UOL,SPY,30
FNC,G2,40
G2,FNC,31
H2K,OG,33
H2K,OG,33
MSF,GIA,38
G2,ROC,40
ROC,G2,41
ROC,G2,28
H2K,SPY,28
FNC,MSF,31
SPY,MSF,40
MSF,SPY,43
FNC,H2K,40
FNC,H2K,30
G2,FNC,47
UOL,MSF,42
MSF,UOL,50
UOL,MSF,27
FNC,MSF,36
FNC,MSF,27
FNC,MSF,30
G2,UOL,31
UOL,G2,40
H2K,SPY,45
FNC,MSF,42
FNC,MSF,24
ROC,G2,41
G2,ROC,36
UOL,VIT,30
H2K,MM,37
H2K,MM,28
FNC,NIP,34
MSF,NIP,29
SPY,VIT,36
SPY,VIT,28
UOL,MM,41
MSF,ROC,30
MSF,ROC,25
G2,NIP,38
H2K,UOL,39
UOL,H2K,27
UOL,H2K,33
VIT,MM,30
VIT,MM,36
ROC,FNC,34
MSF,G2,36
G2,MSF,25
MSF,G2,37
ROC,NIP,30
H2K,VIT,35
H2K,VIT,26
MSF,VIT,34
VIT,MSF,55
MSF,VIT,38
FNC,H2K,31
ROC,SPY,40
G2,UOL,28
H2K,NIP,31
FNC,MM,37
FNC,SPY,38
FNC,SPY,46
VIT,ROC,36
G2,MM,34
NIP,UOL,37
VIT,NIP,35
VIT,NIP,28
H2K,ROC,27
G2,SPY,24
MSF,UOL,29
UOL,MSF,40
ROC,MM,44
FNC,VIT,36
G2,H2K,39
H2K,G2,34
G2,H2K,32
ROC,UOL,36
ROC,UOL,35
MSF,MM,32
MSF,MM,32
SPY,NIP,33
UOL,FNC,49
FNC,UOL,28
VIT,G2,39
G2,VIT,31
MSF,SPY,30
SPY,MSF,43
VIT,MM,30
G2,NIP,33
G2,NIP,28
H2K,SPY,42
FNC,MSF,26
NIP,ROC,35
UOL,MM,34
MM,UOL,34
UOL,MM,35
SPY,MM,29
G2,MSF,39
H2K,VIT,32
H2K,VIT,26
FNC,ROC,38
UOL,SPY,41
NIP,FNC,47
H2K,MM,26
H2K,MM,37
ROC,MSF,30
FNC,G2,41
SPY,VIT,32
H2K,UOL,30
MSF,UOL,37
MSF,UOL,32
G2,SPY,45
SPY,G2,47
G2,SPY,53
FNC,MSF,35
MSF,FNC,36
G2,H2K,32
H2K,FNC,43
FNC,H2K,26
G2,MSF,39
G2,MSF,34
H2K,SPY,35
H2K,SPY,42
UOL,H2K,23
H2K,UOL,42
H2K,UOL,40
FNC,H2K,37
FNC,H2K,24
kt,ROX,45
LZ,SSG,34
SSG,LZ,35
SKT,JAG,40
MVP,bbq,40
bbq,MVP,30
AFs,SSG,31
SSG,AFs,43
AFs,SSG,36
ROX,KDM,39
kt,bbq,30
LZ,JAG,68
MVP,AFs,36
AFs,MVP,39
MVP,AFs,34
SKT,KDM,27
SKT,ROX,32
SSG,MVP,44
kt,LZ,37
bbq,JAG,38
LZ,KDM,32
kt,AFs,35
AFs,kt,41
kt,AFs,33
bbq,KDM,40
JAG,AFs,35
SSG,ROX,30
ROX,SSG,52
SSG,ROX,42
SKT,MVP,28
AFs,ROX,35
SSG,KDM,42
LZ,bbq,34
kt,JAG,45
MVP,KDM,39
KDM,MVP,32
MVP,KDM,38
AFs,SKT,46
kt,SSG,31
ROX,LZ,49
LZ,ROX,38
SKT,bbq,28
JAG,MVP,31
MVP,kt,36
LZ,SKT,50
SKT,LZ,35
KDM,JAG,40
JAG,KDM,45
KDM,JAG,50
bbq,AFs,34
SKT,SSG,40
MVP,ROX,33
LZ,AFs,33
kt,KDM,53
ROX,bbq,34
bbq,ROX,28
ROX,bbq,24
MVP,LZ,33
LZ,MVP,44
AFs,KDM,45
ROX,JAG,31
SSG,bbq,45
MVP,LZ,32
SSG,bbq,28
ROX,JAG,36
JAG,ROX,39
ROX,JAG,47
SKT,kt,36
kt,SKT,39
SKT,kt,49
AFs,KDM,33
KDM,AFs,28
AFs,KDM,34
SKT,JAG,40
MVP,bbq,27
SSG,AFs,49
AFs,SSG,32
KDM,ROX,44
ROX,KDM,36
kt,bbq,35
JAG,LZ,41
AFs,MVP,29
SKT,KDM,29
kt,ROX,26
SSG,LZ,30
LZ,bbq,27
JAG,kt,42
kt,JAG,36
SKT,AFs,30
AFs,SKT,44
SKT,AFs,28
MVP,KDM,41
LZ,ROX,31
ROX,LZ,33
LZ,ROX,21
SSG,kt,38
MVP,JAG,36
JAG,MVP,45
MVP,JAG,51
SKT,bbq,29
SSG,KDM,35
ROX,AFs,39
SSG,JAG,38
bbq,ROX,39
ROX,bbq,39
kt,MVP,47
MVP,kt,32
SKT,LZ,36
JAG,KDM,44
KDM,JAG,32
JAG,KDM,39
AFs,bbq,26
bbq,AFs,40
AFs,bbq,37
SSG,SKT,34
MVP,ROX,38
ROX,MVP,34
AFs,LZ,30
KDM,bbq,40
bbq,KDM,36
AFs,JAG,31
SSG,MVP,28
AFs,kt,40
kt,AFs,44
SSG,ROX,37
SKT,MVP,32
kt,LZ,33
JAG,bbq,29
bbq,JAG,59
JAG,bbq,32
AFs,MVP,30
kt,MVP,37
kt,MVP,42
kt,SSG,26
kt,SSG,31
MVP,JAG,40
LZ,kt,39
EEW,AFs,43
AFs,EEW,50
SSG,SKT,31
LZ,bbq,37
bbq,LZ,33
LZ,bbq,38
JAG,ROX,29
AFs,kt,41
kt,AFs,30
ROX,SSG,29
SSG,ROX,36
SKT,bbq,32
AFs,SSG,34
SSG,AFs,38
JAG,EEW,40
SKT,LZ,55
SSG,MVP,38
AFs,bbq,27
bbq,AFs,57
AFs,bbq,40
JAG,LZ,37
SKT,EEW,43
ROX,bbq,31
kt,MVP,28
kt,JAG,30
LZ,ROX,31
EEW,bbq,35
bbq,EEW,48
AFs,ROX,52
ROX,AFs,40
AFs,ROX,40
kt,SSG,37
SSG,kt,35
kt,SSG,33
LZ,MVP,38
JAG,bbq,37
SKT,AFs,33
SSG,EEW,45
SKT,JAG,36
LZ,EEW,36
SSG,bbq,29
AFs,MVP,30
kt,EEW,31
SKT,ROX,42
ROX,MVP,50
kt,bbq,44
SSG,JAG,28
JAG,SSG,29
SSG,JAG,53
LZ,AFs,47
AFs,LZ,38
LZ,AFs,37
EEW,ROX,42
ROX,EEW,24
kt,SKT,26
SKT,kt,45
SSG,LZ,32
AFs,JAG,27
MVP,bbq,30
kt,ROX,33
ROX,kt,28
AFs,LZ,42
LZ,AFs,34
JAG,SSG,31
bbq,EEW,29
EEW,bbq,42
bbq,EEW,29
LZ,MVP,29
SSG,EEW,30
LZ,bbq,31
SSG,SKT,26
bbq,JAG,41
AFs,SKT,34
ROX,MVP,32
kt,EEW,29
EEW,kt,47
kt,EEW,30
JAG,SKT,29
bbq,AFs,42
AFs,bbq,38
kt,MVP,33
EEW,ROX,40
LZ,SKT,33
SSG,bbq,32
LZ,EEW,28
kt,AFs,32
AFs,kt,40
kt,AFs,28
JAG,ROX,29
SSG,kt,34
kt,SSG,27
LZ,ROX,26
MVP,bbq,38
SKT,EEW,30
SSG,AFs,30
LZ,JAG,30
JAG,LZ,48
LZ,JAG,33
kt,bbq,36
bbq,kt,57
kt,bbq,30
SKT,ROX,40
JAG,MVP,42
MVP,JAG,45
AFs,EEW,28
kt,LZ,56
SSG,ROX,41
ROX,SSG,41
SSG,ROX,28
JAG,EEW,41
MVP,AFs,32
SKT,kt,33
kt,SKT,27
SKT,kt,34
ROX,bbq,37
bbq,ROX,31
ROX,bbq,53
EEW,MVP,42
AFs,JAG,50
SKT,bbq,37
LZ,SSG,45
SKT,AFs,34
SKT,SSG,34
SKT,SSG,50
kt,SKT,35
LZ,SKT,32
LZ,SKT,26
AFs,MVP,32
AFs,SSG,42
SSG,AFs,36
SSG,kt,61
SSG,kt,34
FB,M17,43
FB,WS,45
ahq,HKE,40
ahq,XG,31
FW,WS,48
FW,WS,27
ahq,WS,41
FB,JT,52
JT,FB,44
M17,WS,34
FW,HKE,37
XG,HKE,36
FW,FB,28
M17,XG,67
M17,HKE,36
HKE,M17,43
M17,HKE,32
FW,XG,27
HKE,FB,32
HKE,FB,39
FW,ahq,40
XG,WS,40
M17,JT,36
M17,JT,34
XG,FB,58
FB,XG,36
HKE,WS,38
FW,M17,39
JT,XG,27
ahq,M17,46
FW,JT,39
FW,JT,34
JT,HKE,31
M17,FB,34
M17,FB,31
ahq,HKE,31
ahq,HKE,43
FB,WS,30
ahq,XG,32
ahq,XG,27
FW,WS,25
ahq,WS,32
ahq,WS,39
M17,WS,29
M17,WS,29
HKE,XG,41
FW,XG,34
FW,XG,33
M17,HKE,25
M17,HKE,25
M17,XG,31
M17,XG,30
FW,FB,45
FW,FB,61
ahq,JT,54
JT,ahq,35
ahq,FB,26
ahq,FB,26
FW,HKE,27
M17,JT,45
JT,M17,37
ahq,JT,41
ahq,JT,32
FW,ahq,44
FW,ahq,42
JT,WS,32
M17,RG,55
RG,M17,36
ahq,WS,29
ahq,HKA,34
HKA,ahq,35
ahq,HKA,35
RG,FB,30
JT,M17,50
RG,HKA,31
WS,FW,50
RG,FW,44
ahq,M17,32
M17,WS,29
WS,M17,36
M17,WS,46
HKA,FB,45
JT,ahq,39
JT,ahq,37
FW,FB,36
FW,HKA,25
JT,RG,48
RG,JT,34
JT,FB,28
FW,M17,30
FW,M17,31
FW,ahq,38
ahq,FW,35
FW,ahq,38
FB,M17,51
ahq,FB,41
ahq,FB,26
RG,WS,66
WS,RG,33
FW,JT,40
HKA,FB,28
HKA,FB,31
ahq,WS,29
FW,WS,28
FW,WS,32
JT,RG,25
M17,JT,39
M17,JT,59
ahq,FB,29
RG,M17,33
HKA,AHQ,28
FW,JT,30
HKA,M17,29
M17,HKA,30
RG,WS,34
WS,RG,34
RG,WS,33
M17,FB,29
M17,FB,32
HKA,WS,35
HKA,WS,32
JT,WS,41
JT,WS,33
AHQ,RG,30
AHQ,RG,27
AHQ,M17,28
HKA,FW,33
FW,RG,31
RG,FW,34
FW,RG,30
JT,FB,23
RG,HKA,39
HKA,RG,26
RG,HKA,34
WS,M17,40
M17,FW,27
FW,M17,35
M17,FW,47
JT,HKA,37
HKA,JT,49
RG,FB,31
FW,AHQ,33
AHQ,JT,36
JT,AHQ,39
AHQ,JT,38
JT,AHQ,36
AHQ,JT,35
AHQ,RG,30
HKA,JT,42
JT,HKA,59
HKA,JT,26
RG,M17,42
M17,RG,31
RG,M17,51
M17,RG,34
RG,M17,32
HKA,RG,32
PNG,KST,49
ITZ,CNB,32
CNB,ITZ,32
KBM,OPK,36
RED,REM,29
RED,ITZ,33
CNB,KBM,45
OPK,PNG,63
PNG,OPK,28
PNG,CNB,48
RED,KBM,46
ITZ,REM,22
KST,OPK,57
OPK,REM,35
RED,CNB,41
KST,KBM,40
ITZ,PNG,32
ITZ,KST,32
CNB,REM,53
REM,CNB,51
RED,OPK,24
PNG,KBM,47
PNG,RED,36
RED,PNG,50
ITZ,OPK,34
ITZ,KBM,31
CNB,OPK,47
OPK,CNB,33
PNG,REM,57
KST,RED,40
KST,ITZ,37
PNG,RED,32
RED,PNG,35
RED,PNG,42
PRG,TSW,31
ITZ,CNB,48
ONE,KST,46
KST,CNB,34
ONE,ITZ,41
PNG,TSW,30
PRG,RED,47
RED,PRG,42
ITZ,RED,37
PRG,ONE,32
KST,TSW,48
PNG,CNB,40
ONE,TSW,35
RED,CNB,37
ITZ,PNG,54
PNG,ITZ,46
ONE,CNB,31
ITZ,TSW,27
PNG,PRG,31
PRG,PNG,40
PNG,KST,50
KST,PNG,35
ITZ,PRG,33
CNB,TSW,50
RED,ONE,39
RED,TSW,55
ONE,PNG,45
PNG,ONE,33
ITZ,KST,42
ITZ,PNG,34
PNG,ITZ,42
ONE,RED,34
ONE,RED,37
ONE,RED,37
ONE,PNG,31
ONE,PNG,36
ONE,PNG,42
SUP,DP,31
DP,SUP,39
GS,CRW,38
CRW,GS,28
HWA,AUR,40
CRW,GAL,34
GAL,CRW,49
DP,GS,41
SUP,HWA,34
AUR,FB,47
FB,AUR,35
GAL,AUR,27
AUR,GAL,32
SUP,FB,24
HWA,GS,38
CRW,DP,31
GAL,SUP,30
HWA,DP,36
AUR,CRW,50
GS,GAL,35
FB,DP,37
CRW,HWA,32
SUP,AUR,36
FB,HWA,51
SUP,CRW,43
AUR,GS,55
HWA,GAL,31
DP,AUR,36
SUP,GS,32
GAL,FB,41
SUP,DP,24
CRW,GS,22
GS,DP,46
DP,GS,49
CRW,GAL,29
AUR,FB,37
HWA,GS,37
DP,CRW,42
CRW,DP,26
SUP,FB,39
AUR,GAL,40
AUR,CRW,40
HWA,DP,39
DP,HWA,32
SUP,GAL,31
FB,GS,38
GS,FB,57
SUP,AUR,25
CRW,HWA,36
FB,DP,44
GAL,GS,22
GAL,DP,25
SUP,CRW,29
FB,HWA,28
AUR,GS,31
HWA,GAL,47
GAL,HWA,36
FB,CRW,22
CRW,FB,29
DP,AUR,26
AUR,DP,29
GS,SUP,28
CRW,GAL,26
CRW,GAL,28
CRW,GAL,31
HWA,FB,52
FB,HWA,38
HWA,GAL,37
HWA,GAL,31
GAL,HWA,37
GAL,HWA,21
CRW,AUR,32
CRW,AUR,37
CRW,AUR,39
FB,SUP,35
SUP,FB,43
SUP,FB,36
SUP,CRW,34
CRW,SUP,29
FB,AUR,52
SUP,FB,26
DP,CRW,45
CRW,DP,37
P3P,GAL,32
GAL,P3P,30
GAL,AUR,35
AUR,GAL,44
CRW,P3P,33
P3P,CRW,34
SUP,DP,33
FB,CLK,33
SUP,P3P,28
AUR,CRW,34
CRW,AUR,35
DP,FB,52
FB,DP,34
CLK,GAL,50
GAL,CLK,37
AUR,SUP,30
SUP,AUR,25
CRW,CLK,27
FB,GAL,66
P3P,DP,33
DP,P3P,35
GAL,CRW,56
CRW,GAL,27
SUP,CLK,32
FB,P3P,45
P3P,FB,39
AUR,DP,31
DP,AUR,31
SUP,GAL,45
GAL,SUP,34
DP,CLK,37
FB,CRW,43
CRW,FB,25
P3P,AUR,26
AUR,P3P,35
CRW,SUP,37
DP,GAL,34
P3P,CLK,32
AUR,CLK,23
SUP,FB,29
FB,SUP,28
P3P,GAL,30
CRW,DP,30
AUR,GAL,31
FB,CLK,17
SUP,DP,31
P3P,CRW,36
CRW,P3P,27
FB,DP,38
SUP,P3P,33
CRW,AUR,37
AUR,CRW,27
P3P,DP,32
FB,GAL,41
CRW,CLK,26
CLK,CRW,37
AUR,SUP,28
SUP,CLK,32
P3P,FB,28
FB,P3P,34
AUR,DP,21
CRW,GAL,34
GAL,CRW,34
CLK,DP,38
DP,CLK,48
FB,CRW,23
CRW,P3P,47
P3P,CRW,27
CRW,P3P,44
AUR,DP,24
AUR,DP,28
AUR,DP,39
FB,CRW,42
FB,CRW,44
SUP,AUR,23
SUP,AUR,27
FB,SUP,33
FB,SUP,31
DW,CHF,35
CHF,DW,29
TM,X5,26
AE,SIN,38
SIN,AE,35
LGC,AV,35
AV,SIN,35
LGC,AE,42
DW,X5,27
CHF,TM,34
SIN,LGC,29
LGC,SIN,47
SIN,LGC,27
AV,AE,30
CHF,X5,27
DW,TM,30
AV,X5,23
DW,LGC,36
LGC,DW,37
SIN,TM,45
TM,SIN,37
CHF,AE,28
CHF,AV,27
LGC,X5,27
DW,AE,27
SIN,X5,25
AV,TM,32
TM,AV,40
AV,TM,32
LGC,CHF,48
CHF,SIN,38
SIN,CHF,40
CHF,SIN,31
X5,AE,41
AE,X5,33
LGC,TM,21
DW,AV,32
DW,TM,31
SIN,LGC,26
CHF,X5,41
AV,AE,45
AE,AV,32
AV,AE,32
LGC,AV,45
DW,CHF,22
SIN,AE,22
TM,X5,22
CHF,TM,18
AV,SIN,51
DW,X5,25
LGC,AE,34
CHF,SIN,27
SIN,CHF,31
SIN,LGC,22
SIN,LGC,61
LGC,SIN,29
LGC,SIN,42
DW,LGC,24
LGC,DW,39
DW,CHF,27
CHF,DW,38
DW,CHF,34
AE,RGC,30
RGC,AE,40
AE,RGC,38
LGC,SIN,40
SIN,LGC,39
LGC,SIN,26
AV,TM,40
DW,RGC,31
LGC,AV,29
AV,LGC,33
LGC,AV,35
CHF,AE,30
SIN,TM,36
SIN,AV,36
CHF,RGC,28
DW,AE,29
LGC,RGC,31
DW,AV,31
CHF,TM,28
SIN,AE,32
AE,SIN,29
SIN,AE,37
SIN,DW,46
DW,SIN,29
LGC,CHF,35
AE,AV,38
AV,AE,27
AE,AV,31
SIN,RGC,30
RGC,TM,33
TM,RGC,37
RGC,TM,29
LGC,AE,38
AV,RGC,24
LGC,DW,34
DW,LGC,29
LGC,DW,33
AE,TM,34
CHF,AV,38
DW,TM,27
CHF,SIN,30
SIN,CHF,35
AV,LGC,28
DW,RGC,24
CHF,AE,28
SIN,TM,41
LGC,TM,32
SIN,AV,32
CHF,RGC,26
DW,AE,30
SIN,LGC,32
RGC,AE,34
SIN,AV,39
AV,SIN,48
CHF,SIN,25
CHF,LGC,25
CHF,LGC,56
CHF,LGC,26
DW,CHF,42
ISG,HAF,31
FG,RBT,33
LK,KLG,40
ISG,RBT,26
HAF,KLG,30
LK,FG,37
ISG,KLG,31
LK,ISG,36
RBT,HAF,31
ISG,FG,47
KLG,RBT,33
HAF,ISG,41
ISG,HAF,46
LK,KLG,29
ISG,RBT,35
RBT,ISG,46
KLG,HAF,38
HAF,KLG,28
FG,LK,30
LK,FG,32
ISG,KLG,32
LK,RBT,33
RBT,LK,40
FG,HAF,37
ISG,LK,28
FG,KLG,37
RBT,HAF,32
HAF,RBT,31
FG,ISG,42
HAF,LK,40
LK,HAF,33
RBT,KLG,47
FG,RBT,36
RBT,FG,30
FG,RBT,35
FG,LK,41
FG,LK,32
LK,RBT,24
HAF,FG,39
ISG,KLG,33
HAF,B2K,36
ISG,RBT,31
KLG,RBT,40
ISG,FG,33
FG,ISG,34
B2K,ISG,40
ISG,B2K,29
KLG,FG,31
KLG,B2K,29
HAF,ISG,24
ISG,HAF,32
FG,RBT,41
RBT,B2K,46
KLG,HAF,31
RBT,HAF,32
FG,B2K,37
B2K,FG,46
FG,HAF,34
KLG,ISG,34
HAF,B2K,29
B2K,HAF,38
RBT,ISG,31
ISG,RBT,44
LK,FG,43
LK,B2K,38
KLG,RBT,30
ISG,B2K,31
FG,KLG,41
KLG,FG,27
ISG,HAF,33
FG,RBT,39
RBT,FG,30
KLG,HAF,30
HAF,RBT,37
RBT,HAF,38
FG,B2K,31
KLG,LK,24
LK,FG,37
FG,LK,29
FG,LK,34
FG,ISG,40
FG,ISG,30
KLG,ISG,43
KLG,ISG,33
KLG,ISG,24
PDS,IFG,32
LYN,JTH,26
INF,D9,34
GG,ZTG,41
LYN,IFG,23
INF,JTH,32
PDS,GG,40
LYN,INF,30
GG,IFG,24
JTH,ZTG,41
ZTG,JTH,34
PDS,D9,30
D9,PDS,45
LYN,GG,32
ZTG,INF,47
D9,IFG,27
PDS,JTH,30
LYN,ZTG,30
GG,D9,49
D9,GG,37
PDS,INF,31
LYN,D9,50
ZTG,PDS,55
JTH,GG,31
INF,IFG,32
LYN,PDS,34
D9,JTH,38
JTH,D9,43
ZTG,IFG,34
LYN,JTH,42
PDS,IFG,25
GG,ZTG,45
INF,JTH,45
JTH,INF,43
LYN,IFG,20
D9,ZTG,34
GG,PDS,31
GG,IFG,33
LYN,INF,38
D9,PDS,48
PDS,D9,36
ZTG,JTH,40
JTH,ZTG,30
ZTG,INF,31
INF,ZTG,55
LYN,GG,29
PDS,JTH,48
JTH,PDS,34
D9,IFG,32
D9,GG,34
GG,D9,36
LYN,ZTG,26
JTH,IFG,27
ZTG,PDS,38
LYN,D9,37
IFG,INF,54
JTH,GG,46
JTH,D9,39
LYN,PDS,24
INF,GG,37
GG,INF,33
ZTG,IFG,25
LYN,PDS,40
JTH,ZTG,39
LYN,JTH,33
LYN,JTH,35
LYN,JTH,26
PDS,SCW,42
INF,D9,38
GG,ZTG,27
JTH,GG,29
INF,SCW,27
PDS,ZTG,21
D9,LYN,48
LYN,D9,34
JTH,ZTG,30
LYN,INF,27
INF,GG,31
D9,JTH,43
ZTG,SCW,33
SCW,ZTG,27
LYN,PDS,37
PDS,LYN,41
LYN,GG,43
INF,ZTG,30
D9,SCW,26
PDS,JTH,43
LYN,SCW,36
PDS,GG,49
D9,ZTG,38
LYN,ZTG,32
INF,PDS,34
JTH,SCW,30
INF,SCW,31
PDS,ZTG,35
LYN,D9,27
GG,JTH,33
PDS,SCW,27
GG,ZTG,57
ZTG,GG,40
GG,SCW,44
D9,PDS,31
PDS,D9,28
LYN,INF,27
JTH,ZTG,33
JTH,D9,31
INF,GG,33
GG,INF,39
LYN,PDS,28
SCW,ZTG,54
ZTG,SCW,45
ZTG,INF,41
INF,ZTG,34
LYN,GG,32
D9,SCW,30
INF,JTH,43
LYN,SCW,24
D9,ZTG,29
LYN,ZTG,28
JTH,SCW,33
INF,PDS,29
JTH,D9,51
LYN,JTH,26
LYN,JTH,31
LYN,JTH,28
INF,PDS,35
PDS,INF,33
INF,PDS,35
LYN,INF,24
DFM,RPG,47
USG,7h,35
SZ,7h,42
7h,SZ,41
SZ,7h,42
RPG,RJ,28
DFM,USG,41
DFM,7h,38
7h,DFM,61
DFM,7h,45
RPG,SZ,29
DFM,SZ,49
RPG,USG,69
7h,RJ,39
RPG,7h,26
USG,SZ,26
DFM,RJ,43
USG,7h,31
RJ,SZ,53
DFM,RPG,46
RPG,DFM,28
RPG,RJ,32
7h,SZ,37
DFM,SZ,25
USG,RPG,41
RPG,USG,31
USG,RPG,34
RJ,7h,61
7h,RJ,32
RJ,7h,42
USG,RJ,27
DFM,7h,37
DFM,RJ,38
RJ,DFM,41
DFM,RJ,33
RPG,7h,28
7h,RPG,39
RPG,7h,35
RPG,USG,37
USG,RPG,43
RPG,USG,28
RPG,DFM,37
RPG,BC,42
RPG,BC,36
DFM,7h,34
USG,RJ,43
BC,7h,44
7h,BC,38
RPG,RJ,43
USG,DFM,45
DFM,USG,33
RPG,7h,30
USG,BC,28
DFM,RJ,35
RJ,BC,33
7h,USG,35
USG,7h,27
DFM,RPG,39
RJ,USG,29
RJ,USG,26
7h,DFM,45
7h,DFM,35
RPG,BC,34
RPG,RJ,28
DFM,USG,34
7h,BC,61
DFM,RJ,27
RPG,7h,33
USG,BC,38
USG,BC,26
DFM,BC,22
RPG,USG,32
RPG,USG,32
RJ,7h,42
RJ,7h,30
7h,USG,37
RJ,BC,24
RJ,BC,28
DFM,RPG,35
VEG,ROX,20
M19,JSA,53
GMB,M19,39
VP,ROX,27
JSA,NV,43
VEG,GMB,28
ROX,M19,42
VP,NV,28
VEG,M19,49
VS,JSA,47
JSA,GMB,41
M19,VP,56
NV,ROX,42
VS,VEG,33
M19,NV,43
JSA,M19,39
VS,GMB,24
VP,JSA,38
GMB,VEG,57
VS,ROX,37
ROX,NV,53
M19,VEG,28
GMB,JSA,28
VEG,VS,29
VP,GMB,23
M19,ROX,28
GMB,ROX,37
JSA,VS,47
M19,GMB,50
VEG,JSA,33
VS,NV,41
JSA,ROX,35
VEG,VP,49
M19,VS,43
VP,M19,28
VP,VS,30
VS,VP,44
VP,VS,35
VS,VP,31
JSA,ROX,29
GMB,NV,36
JSA,M19,33
GMB,VP,37
NV,VP,35
GMB,ROX,37
ROX,NV,33
VS,VEG,40
JSA,VEG,29
GMB,JSA,35
VP,M19,31
NV,M19,55
ROX,VEG,27
VEG,NV,23
GMB,VEG,24
M19,JSA,37
VP,NV,37
VEG,VS,31
M19,VS,38
VP,VEG,32
NV,ROX,42
GMB,M19,37
VP,ROX,34
JSA,NV,33
VEG,JSA,31
NV,GMB,40
ROX,JSA,24
VP,JSA,34
M19,NV,28
GMB,VS,27
VEG,ROX,37
ROX,NV,20
JSA,VS,39
M19,VP,29
VP,M19,61
M19,VP,27
GMB,JSA,32
GMB,JSA,29
GMB,M19,38
GMB,M19,37
SKT,C9,27
SKT,AHQ,40
C9,EDG,39
AHQ,SKT,38
EDG,C9,36
C9,AHQ,25
SKT,EDG,39
LZ,IMT,31
IMT,FNC,51
LZ,GAM,24
LZ,FNC,32
FNC,IMT,38
FNC,IMT,28
RNG,FB,39
G2,FB,33
RNG,G2,45
G2,RNG,28
SSG,FB,34
SSG,G2,45
RNG,SSG,33
WE,MSF,27
TSM,WE,35
WE,FW,33
MSF,TSM,46
MSF,FW,41
WE,TSM,25
TSM,MSF,40
MSF,TSM,31
SSG,LZ,34
SKT,MSF,26
MSF,SKT,27
SKT,MSF,38
FNC,RNG,55
WE,C9,55
C9,WE,33
WE,C9,34
RNG,SKT,39
SKT,RNG,31
RNG,SKT,24
SKT,RNG,33
WE,SSG,28
SSG,WE,29
SSG,WE,33
SSG,SKT,38
SSG,SKT,35
SSG,SKT,41
WE,FW,30
GAM,TSM,37
SKT,GAM,27
TSM,WE,40
SKT,TSM,29
FW,TSM,36
SKT,FW,36
GAM,WE,32
G2,FW,28
WE,TSM,40
WE,G2,31
TSM,GAM,31
FW,SKT,39
SKT,G2,30
TSM,FW,54
WE,GAM,31
FW,GAM,31
FW,TSM,38
SKT,FW,32
SKT,FW,30
G2,WE,38
WE,G2,39
G2,WE,37
SKT,G2,39
G2,SKT,31
SKT,G2,37
HKE,M19,32
HKE,H2K,57
H2K,HKE,29
H2K,HKE,34
UOL,KDM,56
G2,KDM,32
KDM,G2,28
FW,UOL,38
G2,UOL,35
H2K,FW,64
FW,H2K,47
FW,G2,27
OMG,MVP,42
SSG,EDG,32
RNG,ahq,35
SKT,FW,26
JT,EDG,31
FW,WE,40
AHQ,EDG,63
RNG,M17,29
WE,SKT,33
KT,OMG,35
RNG,MVP,56
SUP,VP,63
VEG,AUR,39
FB,VS,34
VEG,SUP,52
FB,VEG,35
AUR,M19,26
CRW,VEG,44
AUR,VS,20
SUP,M19,26
FB,VEG,30
FB,VEG,27
FNC,P1,39
G2,C9,49
P1,UOL,34
TSM,UOL,28
UOL,C9,27
TSM,FNC,33
UOL,C9,38
P1,UOL,37
TSM,G2,53
LYN,ISG,32
ISG,JTH,50
FG,RED,49
KST,JTH,38
RED,LYN,45
KST,JTH,36
LYN,RED,33
KST,LYN,42
KST,FG,37
RED,FG,42
RED,ISG,42
GAM,DW,31
USG,MSK,30
DW,RPG,36
DFM,ASC,37
RPG,GAM,34
GAM,LGC,30
JTH,IFG,25
MVP,JAG,45
SSG,JAG,28
EEW,MVP,35
INF,LYN,42
FOX,TLA,37
FOX,TLA,39
C9C,NRG,31
FOX,NRG,42
FOX,NRG,39
NV,GCU,53
TL,EUN,28
TL,EUN,30
TL,EUN,26
GCU,NV,35
NV,EUN,38
NV,EUN,32
TL,GCU,36
TL,GCU,37
GCU,TL,34
TL,GCU,30
GCU,NV,39
NV,GCU,31
MIL,ROC,37
MIL,ROC,46
ROC,S04,33
S04,ROC,39
ROC,S04,30
MSF,OG,56
S04,MSF,32
FNA,GIA,35
MFA,OG,44
MFA,OG,46
GIA,OG,41
MFA,FNA,45
FNA,MFA,32
FNA,GIA,41
FNA,GIA,45
FNA,GIA,35
SBK,ESC,67
KDM,CJE,41
CJE,SBK,50
KDM,ESC,33
ESC,CJE,72
ESC,CJE,39
CJE,KDM,31
KDM,CJE,46
EEW,CJE,29
JAG,KDM,27
EEW,KDM,42
KDM,EEW,44
XG,WOR,40
XG,WOR,43
TM,NH,44
NH,TM,33
TM,NH,33
RG,XG,48
RG,XG,34
WS,TY,30
TY,XG,23
WS,RG,28
RG,WS,33
